-- --------------------------------------------------------
-- Хост:                         127.0.0.1
-- Версия сервера:               8.0.44 - MySQL Community Server - GPL
-- Операционная система:         Linux
-- HeidiSQL Версия:              12.15.0.7171
-- --------------------------------------------------------

/*!40101 SET @OLD_CHARACTER_SET_CLIENT=@@CHARACTER_SET_CLIENT */;
/*!40101 SET NAMES utf8 */;
/*!50503 SET NAMES utf8mb4 */;
/*!40103 SET @OLD_TIME_ZONE=@@TIME_ZONE */;
/*!40103 SET TIME_ZONE='+00:00' */;
/*!40014 SET @OLD_FOREIGN_KEY_CHECKS=@@FOREIGN_KEY_CHECKS, FOREIGN_KEY_CHECKS=0 */;
/*!40101 SET @OLD_SQL_MODE=@@SQL_MODE, SQL_MODE='NO_AUTO_VALUE_ON_ZERO' */;
/*!40111 SET @OLD_SQL_NOTES=@@SQL_NOTES, SQL_NOTES=0 */;


-- Дамп структуры базы данных langme2
CREATE DATABASE IF NOT EXISTS `langme2` /*!40100 DEFAULT CHARACTER SET utf8mb4 COLLATE utf8mb4_0900_ai_ci */ /*!80016 DEFAULT ENCRYPTION='N' */;
USE `langme2`;

-- Дамп структуры для таблица langme2.failed_jobs
CREATE TABLE IF NOT EXISTS `failed_jobs` (
  `id` bigint unsigned NOT NULL AUTO_INCREMENT,
  `uuid` varchar(255) CHARACTER SET utf8mb4 COLLATE utf8mb4_unicode_ci NOT NULL,
  `connection` text CHARACTER SET utf8mb4 COLLATE utf8mb4_unicode_ci NOT NULL,
  `queue` text CHARACTER SET utf8mb4 COLLATE utf8mb4_unicode_ci NOT NULL,
  `payload` longtext CHARACTER SET utf8mb4 COLLATE utf8mb4_unicode_ci NOT NULL,
  `exception` longtext CHARACTER SET utf8mb4 COLLATE utf8mb4_unicode_ci NOT NULL,
  `failed_at` timestamp NOT NULL DEFAULT CURRENT_TIMESTAMP,
  PRIMARY KEY (`id`),
  UNIQUE KEY `failed_jobs_uuid_unique` (`uuid`)
) ENGINE=InnoDB DEFAULT CHARSET=utf8mb4 COLLATE=utf8mb4_unicode_ci;

-- Дамп данных таблицы langme2.failed_jobs: ~0 rows (приблизительно)

-- Дамп структуры для таблица langme2.import_logs
CREATE TABLE IF NOT EXISTS `import_logs` (
  `id` bigint unsigned NOT NULL AUTO_INCREMENT,
  `filename` varchar(255) CHARACTER SET utf8mb4 COLLATE utf8mb4_unicode_ci NOT NULL,
  `tablename` varchar(255) CHARACTER SET utf8mb4 COLLATE utf8mb4_unicode_ci NOT NULL,
  `rows_processed` int NOT NULL DEFAULT '0',
  `status` enum('success','error','pending') CHARACTER SET utf8mb4 COLLATE utf8mb4_unicode_ci NOT NULL,
  `message` text CHARACTER SET utf8mb4 COLLATE utf8mb4_unicode_ci,
  `user_id` bigint unsigned DEFAULT NULL,
  `created_at` timestamp NULL DEFAULT NULL,
  `updated_at` timestamp NULL DEFAULT NULL,
  PRIMARY KEY (`id`)
) ENGINE=InnoDB AUTO_INCREMENT=3 DEFAULT CHARSET=utf8mb4 COLLATE=utf8mb4_unicode_ci;

-- Дамп данных таблицы langme2.import_logs: ~2 rows (приблизительно)
INSERT INTO `import_logs` (`id`, `filename`, `tablename`, `rows_processed`, `status`, `message`, `user_id`, `created_at`, `updated_at`) VALUES
	(1, 'lexiconsARM', 'lexicons', 5, 'success', NULL, NULL, '2026-04-13 19:15:01', '2026-04-13 19:15:03'),
	(2, 'lexiconsGre', 'lexicons', 8, 'success', NULL, NULL, '2026-04-13 19:15:52', '2026-04-13 19:15:54');

-- Дамп структуры для таблица langme2.lang_has_tasks
CREATE TABLE IF NOT EXISTS `lang_has_tasks` (
  `lang_id` bigint unsigned NOT NULL,
  `task_id` bigint unsigned NOT NULL,
  KEY `lang_has_tasks_lang_id_foreign` (`lang_id`),
  KEY `lang_has_tasks_task_id_foreign` (`task_id`),
  CONSTRAINT `lang_has_tasks_lang_id_foreign` FOREIGN KEY (`lang_id`) REFERENCES `langs` (`id`) ON DELETE CASCADE ON UPDATE CASCADE,
  CONSTRAINT `lang_has_tasks_task_id_foreign` FOREIGN KEY (`task_id`) REFERENCES `tasks` (`id`) ON DELETE CASCADE ON UPDATE CASCADE
) ENGINE=InnoDB DEFAULT CHARSET=utf8mb4 COLLATE=utf8mb4_unicode_ci;

-- Дамп данных таблицы langme2.lang_has_tasks: ~49 rows (приблизительно)
INSERT INTO `lang_has_tasks` (`lang_id`, `task_id`) VALUES
	(3, 1),
	(4, 1),
	(5, 2),
	(6, 2),
	(1, 1),
	(1, 2),
	(2, 3),
	(1, 4),
	(2, 4),
	(5, 4),
	(6, 4),
	(1, 5),
	(3, 5),
	(4, 5),
	(1, 6),
	(5, 6),
	(6, 6),
	(2, 7),
	(5, 7),
	(6, 7),
	(6, 8),
	(2, 8),
	(4, 8),
	(2, 9),
	(3, 9),
	(4, 9),
	(5, 9),
	(6, 9),
	(1, 10),
	(3, 10),
	(2, 11),
	(5, 11),
	(4, 12),
	(3, 12),
	(1, 13),
	(4, 13),
	(4, 14),
	(6, 14),
	(5, 15),
	(2, 15),
	(3, 16),
	(1, 16),
	(1, 17),
	(4, 17),
	(4, 18),
	(2, 18),
	(7, 19),
	(8, 19),
	(8, 21);

-- Дамп структуры для таблица langme2.langs
CREATE TABLE IF NOT EXISTS `langs` (
  `id` bigint unsigned NOT NULL AUTO_INCREMENT,
  `code` int NOT NULL,
  `title` varchar(50) CHARACTER SET utf8mb4 COLLATE utf8mb4_unicode_ci NOT NULL,
  `native` varchar(50) CHARACTER SET utf8mb4 COLLATE utf8mb4_unicode_ci NOT NULL,
  `alias` varchar(10) CHARACTER SET utf8mb4 COLLATE utf8mb4_unicode_ci NOT NULL,
  `status` enum('draft','active','blocked','close') CHARACTER SET utf8mb4 COLLATE utf8mb4_unicode_ci NOT NULL,
  `position` enum('draft','base','other','blocked') CHARACTER SET utf8mb4 COLLATE utf8mb4_unicode_ci NOT NULL,
  `created_at` timestamp NULL DEFAULT NULL,
  `updated_at` timestamp NULL DEFAULT NULL,
  PRIMARY KEY (`id`)
) ENGINE=InnoDB AUTO_INCREMENT=9 DEFAULT CHARSET=utf8mb4 COLLATE=utf8mb4_unicode_ci;

-- Дамп данных таблицы langme2.langs: ~8 rows (приблизительно)
INSERT INTO `langs` (`id`, `code`, `title`, `native`, `alias`, `status`, `position`, `created_at`, `updated_at`) VALUES
	(1, 1, 'Russian', 'Русский язык', 'Rus', 'active', 'base', '2026-02-26 16:53:56', '2026-02-26 16:53:56'),
	(2, 2, 'English', 'English language', 'Eng', 'active', 'other', '2026-02-26 16:53:56', '2026-02-26 16:53:56'),
	(3, 3, 'Armenian', 'Հայերեն լեզու', 'Arm', 'active', 'other', '2026-02-26 16:53:56', '2026-02-26 16:53:56'),
	(4, 4, 'Greek', 'Ελληνική γλώσσα', 'Gre', 'active', 'other', '2026-02-26 16:53:56', '2026-02-26 16:53:56'),
	(5, 5, 'Finnish', 'Suomen kieli', 'Fin', 'active', 'other', '2026-02-26 16:53:56', '2026-02-26 16:53:56'),
	(6, 6, 'Latvian', 'Latviešu valoda', 'Lav', 'active', 'other', '2026-03-01 13:30:06', '2026-03-01 13:30:08'),
	(7, 7, 'Serbian', 'Српски језик', 'Srb', 'draft', 'other', '2026-03-01 13:34:21', '2026-03-27 07:49:55'),
	(8, 11, 'test title edit', 'test native', 'test alias', 'draft', 'other', '2026-03-02 15:19:24', '2026-03-02 16:27:50');

-- Дамп структуры для таблица langme2.lexicons
CREATE TABLE IF NOT EXISTS `lexicons` (
  `id` bigint unsigned NOT NULL AUTO_INCREMENT,
  `pattern_id` bigint NOT NULL,
  `word_id` bigint NOT NULL,
  `translation` varchar(100) CHARACTER SET utf8mb4 COLLATE utf8mb4_unicode_ci NOT NULL,
  `spell_base` varchar(100) CHARACTER SET utf8mb4 COLLATE utf8mb4_unicode_ci NOT NULL,
  `spell_eng` varchar(100) CHARACTER SET utf8mb4 COLLATE utf8mb4_unicode_ci DEFAULT NULL,
  `status` enum('draft','active','blocked','close') CHARACTER SET utf8mb4 COLLATE utf8mb4_unicode_ci NOT NULL,
  `created_at` timestamp NULL DEFAULT NULL,
  `updated_at` timestamp NULL DEFAULT NULL,
  PRIMARY KEY (`id`)
) ENGINE=InnoDB AUTO_INCREMENT=818 DEFAULT CHARSET=utf8mb4 COLLATE=utf8mb4_unicode_ci;

-- Дамп данных таблицы langme2.lexicons: ~793 rows (приблизительно)
INSERT INTO `lexicons` (`id`, `pattern_id`, `word_id`, `translation`, `spell_base`, `spell_eng`, `status`, `created_at`, `updated_at`) VALUES
	(1, 2, 1, 'կարդինալ կետեր', 'кардинал кетер', 'kardinal keter', 'active', '2026-03-01 21:48:00', '2026-04-10 10:30:21'),
	(2, 2, 2, 'հյուսիս', 'хюсис', 'hyusis', 'active', '2026-03-01 21:48:00', '2026-04-10 10:30:21'),
	(3, 2, 3, 'հարավ', 'харав', 'harav', 'active', '2026-03-01 21:48:00', '2026-04-10 10:30:21'),
	(4, 2, 4, 'արևմուտք', 'аревмутк', 'arevmutk', 'active', '2026-03-01 21:48:00', '2026-04-10 10:30:21'),
	(5, 2, 5, 'արևելք', 'аревелк', 'arevelk', 'active', '2026-03-01 21:48:00', '2026-04-10 10:30:21'),
	(6, 2, 21, 'Եվրոպա', 'европа', 'evropa', 'active', '2026-03-01 21:48:00', '2026-04-10 10:30:21'),
	(7, 2, 22, 'Ասիա', 'асиа', 'asia', 'active', '2026-03-01 21:48:00', '2026-04-10 10:30:21'),
	(8, 2, 23, 'Աֆրիկա', 'африка', 'afrika', 'active', '2026-03-01 21:48:00', '2026-04-10 10:30:21'),
	(9, 2, 24, 'Հյուսիսային Ամերիկա', 'хюсисайин америка', 'hyusisajin amerika', 'active', '2026-03-01 21:48:00', '2026-04-10 10:30:21'),
	(10, 2, 25, 'Հարավային Ամերիկա', 'харавайин америка', 'haravajin amerika', 'active', '2026-03-01 21:48:00', '2026-04-10 10:30:21'),
	(11, 2, 26, 'Ավստրալիա', 'австралиа', 'avstralia', 'active', '2026-03-01 21:48:00', '2026-04-10 10:30:21'),
	(12, 2, 27, 'Արկտիկա', 'арктика', 'arktika', 'active', '2026-03-01 21:48:00', '2026-04-10 10:30:21'),
	(13, 2, 28, 'Անտարկտիդա', 'антарктида', 'antarktida', 'active', '2026-03-01 21:48:00', '2026-04-10 10:30:21'),
	(14, 2, 6, 'տարվա եղանակ', 'тарва еханак', 'tarva ehanak', 'active', '2026-03-01 21:48:00', '2026-04-10 10:30:21'),
	(15, 2, 7, 'գարուն', 'гарун', 'garun', 'active', '2026-03-01 21:48:00', '2026-04-10 10:30:21'),
	(16, 2, 8, 'ամար', 'амар', 'amar', 'active', '2026-03-01 21:48:00', '2026-04-10 10:30:21'),
	(17, 2, 9, 'աշուն', 'ашун', 'ashun', 'active', '2026-03-01 21:48:00', '2026-04-10 10:30:21'),
	(18, 2, 10, 'ճմեռ', 'дзмер', 'dzmer', 'active', '2026-03-01 21:48:00', '2026-04-10 10:30:21'),
	(19, 2, 11, 'տարի', 'тари', 'tari', 'active', '2026-03-01 21:48:00', '2026-04-10 10:30:21'),
	(20, 2, 12, 'ամիս', 'амис', 'amis', 'active', '2026-03-01 21:48:00', '2026-04-10 10:30:21'),
	(21, 2, 13, 'Հունվար', 'хунвар', 'hunvar', 'active', '2026-03-01 21:48:00', '2026-04-10 10:30:21'),
	(22, 2, 14, 'Փետրվար', 'петрвар', 'petrvar', 'active', '2026-03-01 21:48:00', '2026-04-10 10:30:21'),
	(23, 2, 15, 'Մարտ', 'март', 'mart', 'active', '2026-03-01 21:48:00', '2026-04-10 10:30:21'),
	(24, 2, 16, 'Ապրիլ', 'април', 'april', 'active', '2026-03-01 21:48:00', '2026-04-10 10:30:21'),
	(25, 2, 17, 'Մայիս', 'майис', 'majis', 'active', '2026-03-01 21:48:00', '2026-04-10 10:30:21'),
	(26, 2, 18, 'Հունիս', 'хунис', 'hunis', 'active', '2026-03-01 21:48:00', '2026-04-10 10:30:21'),
	(27, 2, 19, 'Հուլիս', 'хулис', 'hulis', 'active', '2026-03-01 21:48:00', '2026-04-10 10:30:21'),
	(28, 2, 20, 'Օգոստոս', 'огостос', 'ogostos', 'active', '2026-03-01 21:48:00', '2026-04-10 10:30:21'),
	(29, 2, 29, 'Սեպտեմբեր', 'септембер', 'september', 'active', '2026-03-01 21:48:00', '2026-04-10 10:30:21'),
	(30, 2, 30, 'Հոկտեմբեր', 'хоктембер', 'hoktember', 'active', '2026-03-01 21:48:00', '2026-04-10 10:30:21'),
	(31, 2, 31, 'Նոյեմբեր', 'ноембер', 'noember', 'active', '2026-03-01 21:48:00', '2026-04-10 10:30:21'),
	(32, 2, 32, 'Դեկտեմբեր', 'дектембер', 'dektember', 'active', '2026-03-01 21:48:00', '2026-04-10 10:30:21'),
	(33, 2, 33, 'շաբաթ', 'шабат', 'shabat', 'active', '2026-03-01 21:48:00', '2026-04-10 10:30:21'),
	(34, 2, 34, 'շաբաթվա ըր', 'шабатва ор', 'shabatva or', 'active', '2026-03-01 21:48:00', '2026-04-10 10:30:21'),
	(35, 2, 35, 'Երկուշաբթի', 'еркушабти', 'erkushabti', 'active', '2026-03-01 21:48:00', '2026-04-10 10:30:21'),
	(36, 2, 36, 'Երեքշաբթի', 'ерекшабти', 'erekshabti', 'active', '2026-03-01 21:48:00', '2026-04-10 10:30:21'),
	(37, 2, 37, 'Չորեքշաբթի', 'чорекшабти', 'chorekshabti', 'active', '2026-03-01 21:48:00', '2026-04-10 10:30:21'),
	(38, 2, 38, 'Հինգշաբթի', 'хингшабти', 'hingshabti', 'active', '2026-03-01 21:48:00', '2026-04-10 10:30:21'),
	(39, 2, 39, 'Ուրբաթ', 'урбат', 'urbat', 'active', '2026-03-01 21:48:00', '2026-04-10 10:30:21'),
	(40, 2, 40, 'Շաբաթ', 'шабат', 'shabat', 'active', '2026-03-01 21:48:00', '2026-04-10 10:30:21'),
	(41, 2, 41, 'Կիրակի', 'кираки', 'kiraki', 'active', '2026-03-01 21:48:00', '2026-04-10 10:30:21'),
	(42, 2, 42, 'ժամանակ', 'жаманак', 'zhamanak', 'active', '2026-03-01 21:48:00', '2026-04-10 10:30:21'),
	(43, 2, 43, 'ամսաթիվ', 'амсатив', 'amsativ', 'active', '2026-03-01 21:48:00', '2026-04-10 10:30:21'),
	(44, 2, 44, 'օրացույց', 'орацуйц', 'oratsujts', 'active', '2026-03-01 21:48:00', '2026-04-10 10:30:21'),
	(45, 2, 45, 'ժամացույց', 'жамацуйц', 'zhamatsujts', 'active', '2026-03-01 21:48:00', '2026-04-10 10:30:21'),
	(46, 2, 46, 'ժամ', 'жам', 'zham', 'active', '2026-03-01 21:48:00', '2026-04-10 10:30:21'),
	(47, 2, 47, 'րոպե', 'ропэ', 'rope', 'active', '2026-03-01 21:48:00', '2026-04-10 10:30:21'),
	(48, 2, 48, 'վայրկյան', 'вайркян', 'vajrkyan', 'active', '2026-03-01 21:48:00', '2026-04-10 10:30:21'),
	(49, 2, 49, 'օր', 'ор', 'or', 'active', '2026-03-01 21:48:00', '2026-04-10 10:30:21'),
	(50, 2, 50, 'երկիր', 'еркир', 'erkir', 'active', '2026-03-01 21:48:00', '2026-04-10 10:30:21'),
	(51, 2, 51, 'մայրաքաղաք', 'майракахак', 'majrakahak', 'active', '2026-03-01 21:48:00', '2026-04-10 10:30:21'),
	(52, 2, 52, 'ժողովուրդ', 'жоховурд', 'zhohovurd', 'active', '2026-03-01 21:48:00', '2026-04-10 10:30:21'),
	(53, 2, 54, 'լեզու', 'лэзу', 'lezu', 'active', '2026-03-01 21:48:00', '2026-04-10 10:30:21'),
	(54, 2, 53, 'պետություն', 'петуцюн', 'petutsyun', 'active', '2026-03-01 21:48:00', '2026-04-10 10:30:21'),
	(55, 2, 55, 'Հայաստան', 'хайастан', 'hajastan', 'active', '2026-03-01 21:48:00', '2026-04-10 10:30:21'),
	(56, 2, 56, 'Մեծ Բրիտանիա', 'мэц британиа', 'mets britania', 'active', '2026-03-01 21:48:00', '2026-04-10 10:30:21'),
	(57, 2, 57, 'Վենգրիա', 'хунгариа', 'hungaria', 'active', '2026-03-01 21:48:00', '2026-04-10 10:30:21'),
	(58, 2, 58, 'Գերմանիա', 'германиа', 'germania', 'active', '2026-03-01 21:48:00', '2026-04-10 10:30:21'),
	(59, 2, 59, 'Հունաստան', 'хунастан', 'hunastan', 'active', '2026-03-01 21:48:00', '2026-04-10 10:30:21'),
	(60, 2, 60, 'Լատվիա', 'латвиа', 'latvia', 'active', '2026-03-01 21:48:00', '2026-04-10 10:30:21'),
	(61, 2, 61, 'Ռուսաստան', 'русастан', 'rusastan', 'active', '2026-03-01 21:48:00', '2026-04-10 10:30:21'),
	(62, 2, 62, 'Սերբիա', 'сербиа', 'serbia', 'active', '2026-03-01 21:48:00', '2026-04-10 10:30:21'),
	(63, 2, 63, 'Ֆինլանդիա', 'финландиа', 'finlandia', 'active', '2026-03-01 21:48:00', '2026-04-10 10:30:21'),
	(64, 2, 64, 'Ֆրանսիա', 'франсиа', 'fransia', 'active', '2026-03-01 21:48:00', '2026-04-10 10:30:21'),
	(65, 2, 65, 'անձնական տվյալներ', 'андзанакан твиалнер', 'andzanakan tvialner', 'active', '2026-03-01 21:48:00', '2026-04-10 10:30:21'),
	(66, 2, 66, 'հարցաթերթիկ', 'харцатертик', 'hartsatertik', 'active', '2026-03-01 21:48:00', '2026-04-10 10:30:21'),
	(67, 2, 67, 'անուն', 'анун', 'anun', 'active', '2026-03-01 21:48:00', '2026-04-10 10:30:21'),
	(68, 2, 68, 'ազգանուն', 'азганун', 'azganun', 'active', '2026-03-01 21:48:00', '2026-04-10 10:30:21'),
	(69, 2, 69, 'ծննդյան ամսաթիվ', 'цнндян амсатив', 'tsindyan amsativ', 'active', '2026-03-01 21:48:00', '2026-04-10 10:30:21'),
	(70, 2, 70, 'ծննդյավայր', 'цнндавайр', 'tsindavajr', 'active', '2026-03-01 21:48:00', '2026-04-10 10:30:21'),
	(71, 2, 71, 'ազգություն', 'азгуцюн', 'azgutsyun', 'active', '2026-03-01 21:48:00', '2026-04-10 10:30:21'),
	(72, 2, 72, 'բնակության վայրը', 'бнакуцян вайры', 'bnakutsyan vajry', 'active', '2026-03-01 21:48:00', '2026-04-10 10:30:21'),
	(73, 2, 73, 'հասցե', 'хасце', 'hastse', 'active', '2026-03-01 21:48:00', '2026-04-10 10:30:21'),
	(74, 2, 74, 'տարիք', 'тарик', 'tarik', 'active', '2026-03-01 21:48:00', '2026-04-10 10:30:21'),
	(75, 2, 75, 'անձնագիր', 'андзнагир', 'andznagir', 'active', '2026-03-01 21:48:00', '2026-04-10 10:30:21'),
	(76, 2, 76, 'բնություն', 'бнуцюн', 'bnutsyun', 'active', '2026-03-01 21:48:00', '2026-04-10 10:30:21'),
	(77, 2, 77, 'կյանք', 'кянк', 'kyank', 'active', '2026-03-01 21:48:00', '2026-04-10 10:30:21'),
	(78, 2, 78, 'Երկնր', 'еркир', 'erkir', 'active', '2026-03-01 21:48:00', '2026-04-10 10:30:21'),
	(79, 2, 79, 'Արև', 'арев', 'arev', 'active', '2026-03-01 21:48:00', '2026-04-10 10:30:21'),
	(80, 2, 80, 'Լուսին', 'лусин', 'lusin', 'active', '2026-03-01 21:48:00', '2026-04-10 10:30:21'),
	(81, 2, 81, 'տիեզերք', 'тиезерк', 'tiezerk', 'active', '2026-03-01 21:48:00', '2026-04-10 10:30:21'),
	(82, 2, 82, 'աստղ', 'астх', 'astkh', 'active', '2026-03-01 21:48:00', '2026-04-10 10:30:21'),
	(83, 2, 83, 'մոլորակ', 'молорак', 'molorak', 'active', '2026-03-01 21:48:00', '2026-04-10 10:30:21'),
	(84, 2, 84, 'մայրցամաք', 'майрцамак', 'majrtsamak', 'active', '2026-03-01 21:48:00', '2026-04-10 10:30:21'),
	(85, 3, 1, 'βασικές οδηγίες', 'васикес одигиес', 'vasikes odigies', 'active', '2026-03-01 22:20:59', '2026-04-10 10:51:14'),
	(86, 3, 2, 'βορράς', 'ворас', 'voras', 'active', '2026-03-01 22:20:59', '2026-04-10 10:51:14'),
	(87, 3, 3, 'νότος', 'нотос', 'notos', 'active', '2026-03-01 22:20:59', '2026-04-10 10:51:14'),
	(88, 3, 4, 'δύση', 'диси', 'disi', 'active', '2026-03-01 22:20:59', '2026-04-10 10:51:14'),
	(89, 3, 5, 'ανατολή', 'анатоли', 'anatoli', 'active', '2026-03-01 22:20:59', '2026-04-10 10:51:14'),
	(90, 3, 21, 'Ευρώπη', 'эвропи', 'evropi', 'active', '2026-03-01 22:20:59', '2026-04-10 10:51:14'),
	(91, 3, 22, 'Ασία', 'асиа', 'asia', 'active', '2026-03-01 22:20:59', '2026-04-10 10:51:14'),
	(92, 3, 23, 'Αφρική', 'африки', 'afriki', 'active', '2026-03-01 22:20:59', '2026-04-10 10:51:14'),
	(93, 3, 24, 'Βόρεια Αμερική', 'вориа амэрики', 'voria ameriki', 'active', '2026-03-01 22:20:59', '2026-04-10 10:51:14'),
	(94, 3, 25, 'Νότια Αμερική', 'нотиа амэрики', 'notia ameriki', 'active', '2026-03-01 22:20:59', '2026-04-10 10:51:14'),
	(95, 3, 26, 'Αυστραλία', 'афстралиа', 'afstralia', 'active', '2026-03-01 22:20:59', '2026-04-10 10:51:14'),
	(96, 3, 27, 'Αρκτική', 'арктики', 'arktiki', 'active', '2026-03-01 22:20:59', '2026-04-10 10:51:14'),
	(97, 3, 28, 'Ανταρκτίδα', 'антарктида', 'antarktida', 'active', '2026-03-01 22:20:59', '2026-04-10 10:51:14'),
	(98, 3, 6, 'εποχή', 'эпохи', 'epohi', 'active', '2026-03-01 22:20:59', '2026-04-10 10:51:14'),
	(99, 3, 7, 'άνοιξη', 'аникси', 'aniksi', 'active', '2026-03-01 22:20:59', '2026-04-10 10:51:14'),
	(100, 3, 8, 'καλοκαίρι', 'калокари', 'kalokari', 'active', '2026-03-01 22:20:59', '2026-04-10 10:51:14'),
	(101, 3, 9, 'φθινόπωρο', 'фтинопоро', 'ftinoporo', 'active', '2026-03-01 22:20:59', '2026-04-10 10:51:14'),
	(102, 3, 10, 'χειμώνας', 'химонас', 'himonas', 'active', '2026-03-01 22:20:59', '2026-04-10 10:51:14'),
	(103, 3, 11, 'χρόνος', 'хронос', 'hronos', 'active', '2026-03-01 22:20:59', '2026-04-10 10:51:14'),
	(104, 3, 12, 'μήνας', 'минас', 'minas', 'active', '2026-03-01 22:20:59', '2026-04-10 10:51:14'),
	(105, 3, 13, 'Ιανουάριος', 'януариос', 'yanuarios', 'active', '2026-03-01 22:20:59', '2026-04-10 10:51:14'),
	(106, 3, 14, 'Φεβρουάριος', 'фэвруариос', 'fevruarios', 'active', '2026-03-01 22:20:59', '2026-04-10 10:51:14'),
	(107, 3, 15, 'Μάρτιος', 'мартиос', 'martios', 'active', '2026-03-01 22:20:59', '2026-04-10 10:51:14'),
	(108, 3, 16, 'Απρίλιος', 'априлиос', 'aprilios', 'active', '2026-03-01 22:20:59', '2026-04-10 10:51:14'),
	(109, 3, 17, 'Μάιος', 'майос', 'majos', 'active', '2026-03-01 22:20:59', '2026-04-10 10:51:14'),
	(110, 3, 18, 'Ιούνιος', 'иуниос', 'iunios', 'active', '2026-03-01 22:20:59', '2026-04-10 10:51:14'),
	(111, 3, 19, 'Ιούλιος', 'иулиос', 'iulios', 'active', '2026-03-01 22:20:59', '2026-04-10 10:51:14'),
	(112, 3, 20, 'Αύγουστος', 'августос', 'avgustos', 'active', '2026-03-01 22:20:59', '2026-04-10 10:51:14'),
	(113, 3, 29, 'Σεπτέμβριος', 'сэптэмвриос', 'septemvrios', 'active', '2026-03-01 22:20:59', '2026-04-10 10:51:14'),
	(114, 3, 30, 'Οκτώβριος', 'октовриос', 'oktovrios', 'active', '2026-03-01 22:20:59', '2026-04-10 10:51:14'),
	(115, 3, 31, 'Νοέμβριος', 'ноэмвриос', 'noemvrios', 'active', '2026-03-01 22:20:59', '2026-04-10 10:51:14'),
	(116, 3, 32, 'Δεκέμβριος', 'дэкэмвриос', 'dekemvrios', 'active', '2026-03-01 22:20:59', '2026-04-10 10:51:14'),
	(117, 3, 33, 'εβδομάδα', 'эвдомада', 'evdomada', 'active', '2026-03-01 22:20:59', '2026-04-10 10:51:14'),
	(118, 3, 34, 'εβδομάδα ημέρα', 'эвдомада имэра', 'evdomada imera', 'active', '2026-03-01 22:20:59', '2026-04-10 10:51:14'),
	(119, 3, 35, 'Δευτέρα', 'дефтэра', 'deftera', 'active', '2026-03-01 22:20:59', '2026-04-10 10:51:14'),
	(120, 3, 36, 'Τρίτη', 'трити', 'triti', 'active', '2026-03-01 22:20:59', '2026-04-10 10:51:14'),
	(121, 3, 37, 'Τετάρτη', 'тэтарти', 'tetarti', 'active', '2026-03-01 22:20:59', '2026-04-10 10:51:14'),
	(122, 3, 38, 'Πέμπτη', 'пэмпти', 'pempti', 'active', '2026-03-01 22:20:59', '2026-04-10 10:51:14'),
	(123, 3, 39, 'Παρασκευή', 'параскэви', 'paraskevi', 'active', '2026-03-01 22:20:59', '2026-04-10 10:51:14'),
	(124, 3, 40, 'Σάββατο', 'саввато', 'savvato', 'active', '2026-03-01 22:20:59', '2026-04-10 10:51:14'),
	(125, 3, 41, 'Κυριακή', 'кириаки', 'kiriaki', 'active', '2026-03-01 22:20:59', '2026-04-10 10:51:14'),
	(126, 3, 42, 'χρόνος', 'хронос', 'hronos', 'active', '2026-03-01 22:20:59', '2026-04-10 10:51:14'),
	(127, 3, 43, 'ημερομηνία', 'имэроминиа', 'imerominia', 'active', '2026-03-01 22:20:59', '2026-04-10 10:51:14'),
	(128, 3, 44, 'ημερολόγιο', 'имэрологио', 'imerologio', 'active', '2026-03-01 22:20:59', '2026-04-10 10:51:14'),
	(129, 3, 45, 'ρολόι', 'ролой', 'roloj', 'active', '2026-03-01 22:20:59', '2026-04-10 10:51:14'),
	(130, 3, 46, 'ώρα', 'ора', 'ora', 'active', '2026-03-01 22:20:59', '2026-04-10 10:51:14'),
	(131, 3, 47, 'λεπτό', 'лэпто', 'lepto', 'active', '2026-03-01 22:20:59', '2026-04-10 10:51:14'),
	(132, 3, 48, 'δευτερόλεπτο', 'дэфтэролэпто', 'defterolepto', 'active', '2026-03-01 22:20:59', '2026-04-10 10:51:14'),
	(133, 3, 49, 'ημέρα', 'имэра', 'imera', 'active', '2026-03-01 22:20:59', '2026-04-10 10:51:14'),
	(134, 3, 50, 'χώρα', 'хора', 'hora', 'active', '2026-03-01 22:20:59', '2026-04-10 10:51:14'),
	(135, 3, 51, 'πρωτεύουσα', 'протэвуса', 'protevusa', 'active', '2026-03-01 22:20:59', '2026-04-10 10:51:14'),
	(136, 3, 52, 'λαός', 'лаос', 'laos', 'active', '2026-03-01 22:20:59', '2026-04-10 10:51:14'),
	(137, 3, 54, 'γλώσσα', 'глоса', 'glosa', 'active', '2026-03-01 22:20:59', '2026-04-10 10:51:14'),
	(138, 3, 53, 'κράτος', 'кратос', 'kratos', 'active', '2026-03-01 22:20:59', '2026-04-10 10:51:14'),
	(139, 3, 55, 'Αρμενία', 'армэниа', 'armenia', 'active', '2026-03-01 22:20:59', '2026-04-10 10:51:14'),
	(140, 3, 56, 'Μεγάλη Βρετανία', 'мэгали врэтаниа', 'megali vritania', 'active', '2026-03-01 22:20:59', '2026-04-10 10:51:14'),
	(141, 3, 57, 'Ουγγαρία', 'унгариа', 'ungaria', 'active', '2026-03-01 22:20:59', '2026-04-10 10:51:14'),
	(142, 3, 58, 'Γερμανία', 'гэрманиа', 'germania', 'active', '2026-03-01 22:20:59', '2026-04-10 10:51:14'),
	(143, 3, 59, 'Ελλάδα', 'элада', 'elada', 'active', '2026-03-01 22:20:59', '2026-04-10 10:51:14'),
	(144, 3, 60, 'Λετονία', 'лэтониа', 'letonia', 'active', '2026-03-01 22:20:59', '2026-04-10 10:51:14'),
	(145, 3, 61, 'Ρωσία', 'росиа', 'rosia', 'active', '2026-03-01 22:20:59', '2026-04-10 10:51:14'),
	(146, 3, 62, 'Σερβία', 'сэрвиа', 'servia', 'active', '2026-03-01 22:20:59', '2026-04-10 10:51:14'),
	(147, 3, 63, 'Φιλανδία', 'филандиа', 'filandia', 'active', '2026-03-01 22:20:59', '2026-04-10 10:51:14'),
	(148, 3, 64, 'Γαλλία', 'галиа', 'galia', 'active', '2026-03-01 22:20:59', '2026-04-10 10:51:14'),
	(149, 3, 65, 'προσωπικά στοιχεία', 'просопика стихэа', 'procopika stihea', 'active', '2026-03-01 22:20:59', '2026-04-10 10:51:14'),
	(150, 3, 66, 'ερωτηματολόγιο', 'эротиматологио', 'erotimatologio', 'active', '2026-03-01 22:20:59', '2026-04-10 10:51:14'),
	(151, 3, 67, 'όνομα', 'онома', 'onoma', 'active', '2026-03-01 22:20:59', '2026-04-10 10:51:14'),
	(152, 3, 68, 'επώνυμο', 'эпонимо', 'eponimo', 'active', '2026-03-01 22:20:59', '2026-04-10 10:51:14'),
	(153, 3, 69, 'ημερομηνία γέννησης', 'имэроминиа гэнисис', 'imerominia genisis', 'active', '2026-03-01 22:20:59', '2026-04-10 10:51:14'),
	(154, 3, 70, 'τόπος γέννησης', 'топос гэнисис', 'topos genisis', 'active', '2026-03-01 22:20:59', '2026-04-10 10:51:14'),
	(155, 3, 71, 'εθνικότητα', 'этникотита', 'etnikotita', 'active', '2026-03-01 22:20:59', '2026-04-10 10:51:14'),
	(156, 3, 72, 'τόπος διαμονήα', 'топос диамонис', 'topos diamonis', 'active', '2026-03-01 22:20:59', '2026-04-10 10:51:14'),
	(157, 3, 73, 'διεύθυνση', 'диэфтинси', 'dieftinsi', 'active', '2026-03-01 22:20:59', '2026-04-10 10:51:14'),
	(158, 3, 74, 'ηλικία', 'иликиа', 'ilikia', 'active', '2026-03-01 22:20:59', '2026-04-10 10:51:14'),
	(159, 3, 75, 'διαβατήριο', 'диаватирио', 'diavatirio', 'active', '2026-03-01 22:20:59', '2026-04-10 10:51:14'),
	(160, 3, 76, 'φύση', 'фиси', 'fisi', 'active', '2026-03-01 22:20:59', '2026-04-10 10:51:14'),
	(161, 3, 77, 'ζωή', 'зои', 'zoi', 'active', '2026-03-01 22:20:59', '2026-04-10 10:51:14'),
	(162, 3, 78, 'Γη', 'ги', 'gi', 'active', '2026-03-01 22:20:59', '2026-04-10 10:51:14'),
	(163, 3, 79, 'Ήλιος', 'ильос', 'iljos', 'active', '2026-03-01 22:20:59', '2026-04-10 10:51:14'),
	(164, 3, 80, 'Σελήνη', 'сэлини', 'selini', 'active', '2026-03-01 22:20:59', '2026-04-10 10:51:14'),
	(165, 3, 81, 'διάστημα', 'диастима', 'diastima', 'active', '2026-03-01 22:20:59', '2026-04-10 10:51:14'),
	(166, 3, 82, 'αστέρας', 'астэрас', 'asteras', 'active', '2026-03-01 22:20:59', '2026-04-10 10:51:14'),
	(167, 3, 83, 'πλανήτης', 'планитис', 'platinis', 'active', '2026-03-01 22:20:59', '2026-04-10 10:51:14'),
	(168, 3, 84, 'ήπειρος', 'ипэрос', 'iperos', 'active', '2026-03-01 22:20:59', '2026-04-10 10:51:14'),
	(169, 4, 1, 'ilmansuunta', 'илмансуунта', 'ilmansuunta', 'active', '2026-03-02 00:01:45', '2026-04-10 11:13:55'),
	(170, 4, 2, 'pohja', 'похьйа', 'pohja', 'active', '2026-03-02 00:01:45', '2026-04-10 11:13:55'),
	(171, 4, 3, 'etelä', 'этеля', 'etelya', 'active', '2026-03-02 00:01:45', '2026-04-10 11:13:55'),
	(172, 4, 4, 'länsi', 'ланси', 'lyansi', 'active', '2026-03-02 00:01:45', '2026-04-10 11:13:55'),
	(173, 4, 5, 'itä', 'ита', 'ita', 'active', '2026-03-02 00:01:45', '2026-04-10 11:13:55'),
	(174, 4, 21, 'Eurooppa', 'еурооппа', 'europa', 'active', '2026-03-02 00:01:45', '2026-04-10 11:13:55'),
	(175, 4, 22, 'Aasia', 'аасиа', 'aasia', 'active', '2026-03-02 00:01:45', '2026-04-10 11:13:55'),
	(176, 4, 23, 'Afrikka', 'африкка', 'afrikka', 'active', '2026-03-02 00:01:45', '2026-04-10 11:13:55'),
	(177, 4, 24, 'Pohjois-Amerikka', 'похьйос-амэрикка', 'pohjos-amerika', 'active', '2026-03-02 00:01:45', '2026-04-10 11:13:55'),
	(178, 4, 25, 'Etelä-Amerikka', 'этэля-амэрикка', 'etelya-amerika', 'active', '2026-03-02 00:01:45', '2026-04-10 11:13:55'),
	(179, 4, 26, 'Australia', 'аустралиа', 'australia', 'active', '2026-03-02 00:01:45', '2026-04-10 11:13:55'),
	(180, 4, 27, 'Arktis', 'арктис', 'arktis', 'active', '2026-03-02 00:01:45', '2026-04-10 11:13:55'),
	(181, 4, 28, 'Etelämanner', 'этэляманнэр', 'etelyamanner', 'active', '2026-03-02 00:01:45', '2026-04-10 11:13:55'),
	(182, 4, 6, 'vuodenaika', 'вуоденайка', 'vuodenajka', 'active', '2026-03-02 00:01:45', '2026-04-10 11:13:55'),
	(183, 4, 7, 'kevät', 'кеват', 'kevat', 'active', '2026-03-02 00:01:45', '2026-04-10 11:13:55'),
	(184, 4, 8, 'kesä', 'кеса', 'kesa', 'active', '2026-03-02 00:01:45', '2026-04-10 11:13:55'),
	(185, 4, 9, 'syksy', 'сюксю', 'syuksyu', 'active', '2026-03-02 00:01:45', '2026-04-10 11:13:55'),
	(186, 4, 10, 'talvi', 'талви', 'talvi', 'active', '2026-03-02 00:01:45', '2026-04-10 11:13:55'),
	(187, 4, 11, 'vuosi', 'вуоси', 'vuosi', 'active', '2026-03-02 00:01:45', '2026-04-10 11:13:55'),
	(188, 4, 12, 'kuukausi', 'куукауси', 'kuukausi', 'active', '2026-03-02 00:01:45', '2026-04-10 11:13:55'),
	(189, 4, 13, 'tammikuu', 'таммикуу', 'tammikuu', 'active', '2026-03-02 00:01:45', '2026-04-10 11:13:55'),
	(190, 4, 14, 'helmikuu', 'хэлмикуу', 'helmikuu', 'active', '2026-03-02 00:01:45', '2026-04-10 11:13:55'),
	(191, 4, 15, 'maaliskuu', 'маалискуу', 'maaliskuu', 'active', '2026-03-02 00:01:45', '2026-04-10 11:13:55'),
	(192, 4, 16, 'huhtikuu', 'хухтикуу', 'huhtikuu', 'active', '2026-03-02 00:01:45', '2026-04-10 11:13:55'),
	(193, 4, 17, 'toukokuu', 'тоукокуу', 'toukokuu', 'active', '2026-03-02 00:01:45', '2026-04-10 11:13:55'),
	(194, 4, 18, 'kesäkuu', 'кесакуу', 'kesakuu', 'active', '2026-03-02 00:01:45', '2026-04-10 11:13:55'),
	(195, 4, 19, 'heinäkuu', 'хэйнакуу', 'heinakuu', 'active', '2026-03-02 00:01:45', '2026-04-10 11:13:55'),
	(196, 4, 20, 'elokuu', 'элокуу', 'elokuu', 'active', '2026-03-02 00:01:45', '2026-04-10 11:13:55'),
	(197, 4, 29, 'syyskuu', 'сюискуу', 'syuiskuu', 'active', '2026-03-02 00:01:45', '2026-04-10 11:13:55'),
	(198, 4, 30, 'lokakuu', 'локакуу', 'lokakuu', 'active', '2026-03-02 00:01:45', '2026-04-10 11:13:55'),
	(199, 4, 31, 'marraskuu', 'марраскуу', 'marraskuu', 'active', '2026-03-02 00:01:45', '2026-04-10 11:13:55'),
	(200, 4, 32, 'joulukuu', 'йоулукуу', 'joulukuu', 'active', '2026-03-02 00:01:45', '2026-04-10 11:13:55'),
	(201, 4, 33, 'viikko', 'виикко', 'viikko', 'active', '2026-03-02 00:01:45', '2026-04-10 11:13:55'),
	(202, 4, 34, 'viikonpäivä', 'вииконпайва', 'viikonpajva', 'active', '2026-03-02 00:01:45', '2026-04-10 11:13:55'),
	(203, 4, 35, 'maanantai', 'маанантай', 'maanantaj', 'active', '2026-03-02 00:01:45', '2026-04-10 11:13:55'),
	(204, 4, 36, 'tiistai', 'тиистай', 'tiistaj', 'active', '2026-03-02 00:01:45', '2026-04-10 11:13:55'),
	(205, 4, 37, 'keskiviikko', 'кескевиикко', 'keskiviikko', 'active', '2026-03-02 00:01:45', '2026-04-10 11:13:55'),
	(206, 4, 38, 'torstai', 'торстай', 'torstaj', 'active', '2026-03-02 00:01:45', '2026-04-10 11:13:55'),
	(207, 4, 39, 'perjantai', 'пэрьянтай', 'perjantaj', 'active', '2026-03-02 00:01:45', '2026-04-10 11:13:55'),
	(208, 4, 40, 'lauantai', 'лауантай', 'lauantaj', 'active', '2026-03-02 00:01:45', '2026-04-10 11:13:55'),
	(209, 4, 41, 'sunnuntai', 'суннунтай', 'sunnuntaj', 'active', '2026-03-02 00:01:45', '2026-04-10 11:13:55'),
	(210, 4, 42, 'aika', 'айка', 'ajka', 'active', '2026-03-02 00:01:45', '2026-04-10 11:13:55'),
	(211, 4, 43, 'päinämäärä', 'пайнамаара', 'pajnamaara', 'active', '2026-03-02 00:01:45', '2026-04-10 11:13:55'),
	(212, 4, 44, 'kalenteri', 'калентэри', 'kalenteri', 'active', '2026-03-02 00:01:45', '2026-04-10 11:13:55'),
	(213, 4, 45, 'kello', 'келло', 'kello', 'active', '2026-03-02 00:01:45', '2026-04-10 11:13:55'),
	(214, 4, 46, 'tunti', 'тунти', 'tunti', 'active', '2026-03-02 00:01:45', '2026-04-10 11:13:55'),
	(215, 4, 47, 'minuutti', 'минуутти', 'minuutti', 'active', '2026-03-02 00:01:45', '2026-04-10 11:13:55'),
	(216, 4, 48, 'sekunti', 'секунти', 'sekunti', 'active', '2026-03-02 00:01:45', '2026-04-10 11:13:55'),
	(217, 4, 49, 'päivä', 'пайва', 'pajva', 'active', '2026-03-02 00:01:45', '2026-04-10 11:13:55'),
	(218, 4, 50, 'maa', 'маа', 'maa', 'active', '2026-03-02 00:01:45', '2026-04-10 11:13:55'),
	(219, 4, 51, 'pääkaupunki', 'паакаупунки', 'paakaupunki', 'active', '2026-03-02 00:01:45', '2026-04-10 11:13:55'),
	(220, 4, 52, 'kansa', 'канса', 'kansa', 'active', '2026-03-02 00:01:45', '2026-04-10 11:13:55'),
	(221, 4, 54, 'kieli', 'киели', 'kieli', 'active', '2026-03-02 00:01:45', '2026-04-10 11:13:55'),
	(222, 4, 53, 'valtio', 'валтио', 'valtio', 'active', '2026-03-02 00:01:45', '2026-04-10 11:13:55'),
	(223, 4, 55, 'Armenia', 'армэниа', 'armenia', 'active', '2026-03-02 00:01:45', '2026-04-10 11:13:55'),
	(224, 4, 56, 'Iso Britannia', 'исо-британиа', 'iso-britania', 'active', '2026-03-02 00:01:45', '2026-04-10 11:13:55'),
	(225, 4, 57, 'Unkari', 'ункари', 'unkari', 'active', '2026-03-02 00:01:45', '2026-04-10 11:13:55'),
	(226, 4, 58, 'Saksa', 'сакса', 'saksa', 'active', '2026-03-02 00:01:45', '2026-04-10 11:13:55'),
	(227, 4, 59, 'Kreikka', 'крэйка', 'krejka', 'active', '2026-03-02 00:01:45', '2026-04-10 11:13:55'),
	(228, 4, 60, 'Latvia', 'латвиа', 'latvia', 'active', '2026-03-02 00:01:45', '2026-04-10 11:13:55'),
	(229, 4, 61, 'Venäjä', 'вэнайа', 'venaja', 'active', '2026-03-02 00:01:45', '2026-04-10 11:13:55'),
	(230, 4, 62, 'Serbia', 'сэрбиа', 'serbia', 'active', '2026-03-02 00:01:45', '2026-04-10 11:13:55'),
	(231, 4, 63, 'Suomi', 'суоми', 'suomi', 'active', '2026-03-02 00:01:45', '2026-04-10 11:13:55'),
	(232, 4, 64, 'Ranska', 'ранска', 'ranska', 'active', '2026-03-02 00:01:45', '2026-04-10 11:13:55'),
	(233, 4, 65, 'henkilötieto', 'хэнкилотието', 'henkilotieto', 'active', '2026-03-02 00:01:45', '2026-04-10 11:13:55'),
	(234, 4, 66, 'lomake', 'ломаке', 'lomake', 'active', '2026-03-02 00:01:45', '2026-04-10 11:13:55'),
	(235, 4, 67, 'nimi', 'ними', 'nimi', 'active', '2026-03-02 00:01:45', '2026-04-10 11:13:55'),
	(236, 4, 68, 'sukunimi', 'сукуними', 'sukunimi', 'active', '2026-03-02 00:01:45', '2026-04-10 11:13:55'),
	(237, 4, 69, 'syntymäpäivä', 'сюнтюмапайва', 'syuntyumapajva', 'active', '2026-03-02 00:01:45', '2026-04-10 11:13:55'),
	(238, 4, 70, 'syntymäpäikka', 'сюнтюмапайкка', 'syuntyumapajka', 'active', '2026-03-02 00:01:45', '2026-04-10 11:13:55'),
	(239, 4, 71, 'kansallisuus', 'кансаллисуус', 'kansallisuus', 'active', '2026-03-02 00:01:45', '2026-04-10 11:13:55'),
	(240, 4, 72, 'asuinpaikka', 'асуинпайкка', 'asuinpajka', 'active', '2026-03-02 00:01:45', '2026-04-10 11:13:55'),
	(241, 4, 73, 'osoite', 'осойтэ', 'osojte', 'active', '2026-03-02 00:01:45', '2026-04-10 11:13:55'),
	(242, 4, 74, 'ikä', 'ика', 'ika', 'active', '2026-03-02 00:01:45', '2026-04-10 11:13:55'),
	(243, 4, 75, 'passi', 'пасси', 'passi', 'active', '2026-03-02 00:01:45', '2026-04-10 11:13:55'),
	(244, 4, 76, 'luonto', 'луонто', 'luonto', 'active', '2026-03-02 00:01:45', '2026-04-10 11:13:55'),
	(245, 4, 77, 'elämä', 'элама', 'elama', 'active', '2026-03-02 00:01:45', '2026-04-10 11:13:55'),
	(246, 4, 78, 'Maa', 'маа', 'maa', 'active', '2026-03-02 00:01:45', '2026-04-10 11:13:55'),
	(247, 4, 79, 'Aurinko', 'ауринко', 'aurinko', 'active', '2026-03-02 00:01:45', '2026-04-10 11:13:55'),
	(248, 4, 80, 'Kuu', 'куу', 'kuu', 'active', '2026-03-02 00:01:45', '2026-04-10 11:13:55'),
	(249, 4, 81, 'avaruus', 'аваруус', 'avaruus', 'active', '2026-03-02 00:01:45', '2026-04-10 11:13:55'),
	(250, 4, 82, 'tähti', 'тахти', 'tahti', 'active', '2026-03-02 00:01:45', '2026-04-10 11:13:55'),
	(251, 4, 83, 'planeetta', 'планэтта', 'planetta', 'active', '2026-03-02 00:01:45', '2026-04-10 11:13:55'),
	(252, 4, 84, 'manner', 'маннэр', 'manner', 'active', '2026-03-02 00:01:45', '2026-04-10 11:13:55'),
	(253, 5, 1, 'pasaules malas', 'пасаулэс малас', 'pasaules malas', 'active', '2026-03-02 00:01:45', '2026-04-10 11:32:42'),
	(254, 5, 2, 'ziemeļi', 'зиемели', 'ziemeli', 'active', '2026-03-02 00:01:45', '2026-04-10 11:32:42'),
	(255, 5, 3, 'dienvidi', 'диенвиди', 'dienvidi', 'active', '2026-03-02 00:01:45', '2026-04-10 11:32:42'),
	(256, 5, 4, 'rietumi', 'риетуми', 'rietumi', 'active', '2026-03-02 00:01:45', '2026-04-10 11:32:42'),
	(257, 5, 5, 'austrumi', 'ауструми', 'austrumi', 'active', '2026-03-02 00:01:45', '2026-04-10 11:32:42'),
	(258, 5, 21, 'Eiropa', 'эиропа', 'eiropa', 'active', '2026-03-02 00:01:45', '2026-04-10 11:32:42'),
	(259, 5, 22, 'Āzija', 'аазийа', 'aazija', 'active', '2026-03-02 00:01:45', '2026-04-10 11:32:42'),
	(260, 5, 23, 'Āfrika', 'аафрика', 'aafrika', 'active', '2026-03-02 00:01:45', '2026-04-10 11:32:42'),
	(261, 5, 24, 'Ziemeļamerika', 'зиемельамэрика', 'ziemeljamerika', 'active', '2026-03-02 00:01:45', '2026-04-10 11:32:42'),
	(262, 5, 25, 'Dienvidamerika', 'диенвидамэрика', 'dienvidamerika', 'active', '2026-03-02 00:01:45', '2026-04-10 11:32:42'),
	(263, 5, 26, 'Austrālia', 'аустраалиа', 'austraalia', 'active', '2026-03-02 00:01:45', '2026-04-10 11:32:42'),
	(264, 5, 27, 'Arktika', 'арктика', 'arktika', 'active', '2026-03-02 00:01:45', '2026-04-10 11:32:42'),
	(265, 5, 28, 'Antarktīda', 'антарктиида', 'antarktiida', 'active', '2026-03-02 00:01:45', '2026-04-10 11:32:42'),
	(266, 5, 6, 'gadalaiki', 'гадалайки', 'gadalajki', 'active', '2026-03-02 00:01:45', '2026-04-10 11:32:42'),
	(267, 5, 7, 'pavasaris', 'павасарис', 'pavasaris', 'active', '2026-03-02 00:01:45', '2026-04-10 11:32:42'),
	(268, 5, 8, 'vasara', 'васара', 'vasara', 'active', '2026-03-02 00:01:45', '2026-04-10 11:32:42'),
	(269, 5, 9, 'rudens', 'рудэнс', 'rudens', 'active', '2026-03-02 00:01:45', '2026-04-10 11:32:42'),
	(270, 5, 10, 'ziema', 'зиема', 'ziema', 'active', '2026-03-02 00:01:45', '2026-04-10 11:32:42'),
	(271, 5, 11, 'gads', 'гадс', 'gads', 'active', '2026-03-02 00:01:45', '2026-04-10 11:32:42'),
	(272, 5, 12, 'mēnesis', 'мээнэсис', 'meenesis', 'active', '2026-03-02 00:01:45', '2026-04-10 11:32:42'),
	(273, 5, 13, 'Janvāris', 'йанваарис', 'janvaaris', 'active', '2026-03-02 00:01:45', '2026-04-10 11:32:42'),
	(274, 5, 14, 'Februāris', 'фэбруаарис', 'februaaris', 'active', '2026-03-02 00:01:45', '2026-04-10 11:32:42'),
	(275, 5, 15, 'Marts', 'мартс', 'marts', 'active', '2026-03-02 00:01:45', '2026-04-10 11:32:42'),
	(276, 5, 16, 'Aprīlis', 'априилис', 'apriilis', 'active', '2026-03-02 00:01:45', '2026-04-10 11:32:42'),
	(277, 5, 17, 'Maijs', 'майис', 'majis', 'active', '2026-03-02 00:01:45', '2026-04-10 11:32:42'),
	(278, 5, 18, 'Jūnijs', 'йуунийс', 'juunijs', 'active', '2026-03-02 00:01:45', '2026-04-10 11:32:42'),
	(279, 5, 19, 'Jūlijs', 'йуулийс', 'juulijs', 'active', '2026-03-02 00:01:45', '2026-04-10 11:32:42'),
	(280, 5, 20, 'Augusts', 'аугуст', 'august', 'active', '2026-03-02 00:01:45', '2026-04-10 11:32:42'),
	(281, 5, 29, 'Septembris', 'сэптэмбрис', 'septembris', 'active', '2026-03-02 00:01:45', '2026-04-10 11:32:42'),
	(282, 5, 30, 'Oktobris', 'октобрис', 'oktobris', 'active', '2026-03-02 00:01:45', '2026-04-10 11:32:42'),
	(283, 5, 31, 'Novembris', 'новэмбрис', 'novembris', 'active', '2026-03-02 00:01:45', '2026-04-10 11:32:42'),
	(284, 5, 32, 'Decembris', 'дэсэмбрис', 'desembris', 'active', '2026-03-02 00:01:45', '2026-04-10 11:32:42'),
	(285, 5, 33, 'nedēļa', 'нэдээля', 'nedeelya', 'active', '2026-03-02 00:01:45', '2026-04-10 11:32:42'),
	(286, 5, 34, 'nedēļas diena', 'нэдээляс диэна', 'nedeelyas diena', 'active', '2026-03-02 00:01:45', '2026-04-10 11:32:42'),
	(287, 5, 35, 'Pirmdiena', 'пирмдиэна', 'pirmdiena', 'active', '2026-03-02 00:01:45', '2026-04-10 11:32:42'),
	(288, 5, 36, 'Otrdiena', 'отрдиэна', 'otrdiena', 'active', '2026-03-02 00:01:45', '2026-04-10 11:32:42'),
	(289, 5, 37, 'Trešdiena', 'трэшдиэна', 'treshdiena', 'active', '2026-03-02 00:01:45', '2026-04-10 11:32:42'),
	(290, 5, 38, 'Ceturtdiena', 'цэтуртдиэна', 'tseturtdiena', 'active', '2026-03-02 00:01:45', '2026-04-10 11:32:42'),
	(291, 5, 39, 'Piektdiena', 'пиэктдиэна', 'piektdiena', 'active', '2026-03-02 00:01:45', '2026-04-10 11:32:42'),
	(292, 5, 40, 'Sestdiena', 'сэстдиэна', 'sestdiena', 'active', '2026-03-02 00:01:45', '2026-04-10 11:32:42'),
	(293, 5, 41, 'Svētdiena', 'свээтдиэна', 'sveetdiena', 'active', '2026-03-02 00:01:45', '2026-04-10 11:32:42'),
	(294, 5, 42, 'laiks', 'лайкс', 'lajks', 'active', '2026-03-02 00:01:45', '2026-04-10 11:32:42'),
	(295, 5, 43, 'datums', 'датумс', 'datums', 'active', '2026-03-02 00:01:45', '2026-04-10 11:32:42'),
	(296, 5, 44, 'kalendārs', 'калэндаарс', 'kalendaars', 'active', '2026-03-02 00:01:45', '2026-04-10 11:32:42'),
	(297, 5, 45, 'pulkstenis', 'пулкстэнис', 'pulkstenis', 'active', '2026-03-02 00:01:45', '2026-04-10 11:32:42'),
	(298, 5, 46, 'stunda', 'стунда', 'stunda', 'active', '2026-03-02 00:01:45', '2026-04-10 11:32:42'),
	(299, 5, 47, 'minūte', 'минуутэ', 'minuute', 'active', '2026-03-02 00:01:45', '2026-04-10 11:32:42'),
	(300, 5, 48, 'sekunde', 'сэкундэ', 'sekunde', 'active', '2026-03-02 00:01:45', '2026-04-10 11:32:42'),
	(301, 5, 49, 'diena', 'диэна', 'diena', 'active', '2026-03-02 00:01:45', '2026-04-10 11:32:42'),
	(302, 5, 50, 'valsts', 'валстс', 'valsts', 'active', '2026-03-02 00:01:45', '2026-04-10 11:32:42'),
	(303, 5, 51, 'galvanpilsēta', 'галванпилсээта', 'galvanpilseta', 'active', '2026-03-02 00:01:45', '2026-04-10 11:32:42'),
	(304, 5, 52, 'tauta', 'таута', 'tauta', 'active', '2026-03-02 00:01:45', '2026-04-10 11:32:42'),
	(305, 5, 54, 'valoda', 'валода', 'valoda', 'active', '2026-03-02 00:01:45', '2026-04-10 11:32:42'),
	(306, 5, 53, 'valsts', 'валстс', 'valsts', 'active', '2026-03-02 00:01:45', '2026-04-10 11:32:42'),
	(307, 5, 55, 'Armēnija', 'армээнийа', 'armeenija', 'active', '2026-03-02 00:01:45', '2026-04-10 11:32:42'),
	(308, 5, 56, 'Lielbritānija', 'лиэлбритаанийа', 'lielbritaanija', 'active', '2026-03-02 00:01:45', '2026-04-10 11:32:42'),
	(309, 5, 57, 'Ungārija', 'унгаарийа', 'ungaarija', 'active', '2026-03-02 00:01:45', '2026-04-10 11:32:42'),
	(310, 5, 58, 'Vācija', 'ваацийа', 'vaatsija', 'active', '2026-03-02 00:01:45', '2026-04-10 11:32:42'),
	(311, 5, 59, 'Grieķija', 'гриэтьийа', 'grietija', 'active', '2026-03-02 00:01:45', '2026-04-10 11:32:42'),
	(312, 5, 60, 'Latvija', 'латвийа', 'latvija', 'active', '2026-03-02 00:01:45', '2026-04-10 11:32:42'),
	(313, 5, 61, 'Krievija', 'криэвийа', 'krievija', 'active', '2026-03-02 00:01:45', '2026-04-10 11:32:42'),
	(314, 5, 62, 'Serbija', 'сэрбийа', 'serbija', 'active', '2026-03-02 00:01:45', '2026-04-10 11:32:42'),
	(315, 5, 63, 'Somija', 'сомийа', 'somija', 'active', '2026-03-02 00:01:45', '2026-04-10 11:32:42'),
	(316, 5, 64, 'Francija', 'францийа', 'frantsija', 'active', '2026-03-02 00:01:45', '2026-04-10 11:32:42'),
	(317, 5, 65, 'personas dati', 'пэрсонас дати', 'personas dati', 'active', '2026-03-02 00:01:45', '2026-04-10 11:32:42'),
	(318, 5, 66, 'aptauja', 'аптауйа', 'aptauja', 'active', '2026-03-02 00:01:45', '2026-04-10 11:32:42'),
	(319, 5, 67, 'vārds', 'ваардс', 'vaards', 'active', '2026-03-02 00:01:45', '2026-04-10 11:32:42'),
	(320, 5, 68, 'uzvārds', 'узваардс', 'uzvaards', 'active', '2026-03-02 00:01:45', '2026-04-10 11:32:42'),
	(321, 5, 69, 'dzimšanas datums', 'дзимшанас датумс', 'dzimshanas datums', 'active', '2026-03-02 00:01:45', '2026-04-10 11:32:42'),
	(322, 5, 70, 'dzimšanas vieta', 'дзимшанас виэта', 'dzimshanas vieta', 'active', '2026-03-02 00:01:45', '2026-04-10 11:32:42'),
	(323, 5, 71, 'tautība', 'таутиба', 'tautiba', 'active', '2026-03-02 00:01:45', '2026-04-10 11:32:42'),
	(324, 5, 72, 'dzīves vieta', 'дзиивэс виэта', 'dziives vieta', 'active', '2026-03-02 00:01:45', '2026-04-10 11:32:42'),
	(325, 5, 73, 'adrese', 'адрэсэ', 'adrese', 'active', '2026-03-02 00:01:45', '2026-04-10 11:32:42'),
	(326, 5, 74, 'vecums', 'вэкумс', 'vekums', 'active', '2026-03-02 00:01:45', '2026-04-10 11:32:42'),
	(327, 5, 75, 'pase', 'пасэ', 'pase', 'active', '2026-03-02 00:01:45', '2026-04-10 11:32:42'),
	(328, 5, 76, 'daba', 'даба', 'daba', 'active', '2026-03-02 00:01:45', '2026-04-10 11:32:42'),
	(329, 5, 77, 'dzīve', 'дзиивэс', 'dziives', 'active', '2026-03-02 00:01:45', '2026-04-10 11:32:42'),
	(330, 5, 78, 'zeme', 'зэмэ', 'zeme', 'active', '2026-03-02 00:01:45', '2026-04-10 11:32:42'),
	(331, 5, 79, 'saule', 'саулэ', 'saule', 'active', '2026-03-02 00:01:45', '2026-04-10 11:32:42'),
	(332, 5, 80, 'mēness', 'мээнэсс', 'meeness', 'active', '2026-03-02 00:01:45', '2026-04-10 11:32:42'),
	(333, 5, 81, 'kosmoss', 'космосс', 'kosmoss', 'active', '2026-03-02 00:01:45', '2026-04-10 11:32:42'),
	(334, 5, 82, 'zvaigzne', 'звайгзнэ', 'zvajgzne', 'active', '2026-03-02 00:01:45', '2026-04-10 11:32:42'),
	(335, 5, 83, 'planēta', 'планээта', 'planeeta', 'active', '2026-03-02 00:01:45', '2026-04-10 11:32:42'),
	(336, 5, 84, 'kontinents', 'континэнтс', 'kontinents', 'active', '2026-03-02 00:01:45', '2026-04-10 11:32:42'),
	(337, 1, 1, 'cardinal directions', 'кардинэл дирэкшнс', 'cardinal directions', 'active', '2026-03-02 00:01:45', '2026-04-10 11:57:45'),
	(338, 1, 2, 'north', 'ноθ', 'norθ', 'active', '2026-03-02 00:01:45', '2026-04-10 11:57:45'),
	(339, 1, 3, 'south', 'соθ', 'souθ', 'active', '2026-03-02 00:01:45', '2026-04-10 11:57:45'),
	(340, 1, 4, 'west', 'вэст', 'uest', 'active', '2026-03-02 00:01:45', '2026-04-10 11:57:45'),
	(341, 1, 5, 'east', 'ист', 'east', 'active', '2026-03-02 00:01:45', '2026-04-10 11:57:45'),
	(342, 1, 21, 'Europe', 'эроп', 'Europe', 'active', '2026-03-02 00:01:45', '2026-04-10 11:57:45'),
	(343, 1, 22, 'Asia', 'эзьа', 'asia', 'active', '2026-03-02 00:01:45', '2026-04-10 11:57:45'),
	(344, 1, 23, 'Africa', 'эфрикэ', 'africa', 'active', '2026-03-02 00:01:45', '2026-04-10 11:57:45'),
	(345, 1, 24, 'North America', 'ноθ эмэрика', 'norθ amerika', 'active', '2026-03-02 00:01:45', '2026-04-10 11:57:45'),
	(346, 1, 25, 'South America', 'соθ эмэрика', 'souθ amerika', 'active', '2026-03-02 00:01:45', '2026-04-10 11:57:45'),
	(347, 1, 26, 'Australia', 'острэлиа', 'ostralia', 'active', '2026-03-02 00:01:45', '2026-04-10 11:57:45'),
	(348, 1, 27, 'Arctica', 'эрктика', 'arctika', 'active', '2026-03-02 00:01:45', '2026-04-10 11:57:45'),
	(349, 1, 28, 'Antarctica', 'энтарктика', 'antarktika', 'active', '2026-03-02 00:01:45', '2026-04-10 11:57:45'),
	(350, 1, 6, 'season', 'сизон', 'sizon', 'active', '2026-03-02 00:01:45', '2026-04-10 11:57:45'),
	(351, 1, 7, 'spring', 'спринг', 'spring', 'active', '2026-03-02 00:01:45', '2026-04-10 11:57:45'),
	(352, 1, 8, 'summer', 'саммэр', 'sammer', 'active', '2026-03-02 00:01:45', '2026-04-10 11:57:45'),
	(353, 1, 9, 'autumn', 'отум', 'otumn', 'active', '2026-03-02 00:01:45', '2026-04-10 11:57:45'),
	(354, 1, 10, 'winter', 'уинтэ', 'uiinter', 'active', '2026-03-02 00:01:45', '2026-04-10 11:57:45'),
	(355, 1, 11, 'year', 'йэр', 'jear', 'active', '2026-03-02 00:01:45', '2026-04-10 11:57:45'),
	(356, 1, 12, 'month', 'монθ', 'monθ', 'active', '2026-03-02 00:01:45', '2026-04-10 11:57:45'),
	(357, 1, 13, 'January', 'джэнуари', 'dzhenuari', 'active', '2026-03-02 00:01:45', '2026-04-10 11:57:45'),
	(358, 1, 14, 'February', 'фэбруари', 'februari', 'active', '2026-03-02 00:01:45', '2026-04-10 11:57:45'),
	(359, 1, 15, 'March', 'марч', 'march', 'active', '2026-03-02 00:01:45', '2026-04-10 11:57:45'),
	(360, 1, 16, 'April', 'эприл', 'april', 'active', '2026-03-02 00:01:45', '2026-04-10 11:57:45'),
	(361, 1, 17, 'May', 'мэй', 'mej', 'active', '2026-03-02 00:01:45', '2026-04-10 11:57:45'),
	(362, 1, 18, 'June', 'джун', 'dzhun', 'active', '2026-03-02 00:01:45', '2026-04-10 11:57:45'),
	(363, 1, 19, 'July', 'джулай', 'dzhulaj', 'active', '2026-03-02 00:01:45', '2026-04-10 11:57:45'),
	(364, 1, 20, 'August', 'огэст', 'ogust', 'active', '2026-03-02 00:01:45', '2026-04-10 11:57:45'),
	(365, 1, 29, 'September', 'сэптэмбэ', 'september', 'active', '2026-03-02 00:01:45', '2026-04-10 11:57:45'),
	(366, 1, 30, 'October', 'октоубэ', 'octouber', 'active', '2026-03-02 00:01:45', '2026-04-10 11:57:45'),
	(367, 1, 31, 'November', 'новэмбэ', 'november', 'active', '2026-03-02 00:01:45', '2026-04-10 11:57:45'),
	(368, 1, 32, 'December', 'дэсэмбэ', 'december', 'active', '2026-03-02 00:01:45', '2026-04-10 11:57:45'),
	(369, 1, 33, 'week', 'уик', 'uiik', 'active', '2026-03-02 00:01:45', '2026-04-10 11:57:45'),
	(370, 1, 34, 'week day', 'уик дэй', 'uiik dej', 'active', '2026-03-02 00:01:45', '2026-04-10 11:57:45'),
	(371, 1, 35, 'Monday', 'мондай', 'mondej', 'active', '2026-03-02 00:01:45', '2026-04-10 11:57:45'),
	(372, 1, 36, 'Tuesday', 'тьюздэй', 'tjyusdej', 'active', '2026-03-02 00:01:45', '2026-04-10 11:57:45'),
	(373, 1, 37, 'Wednesday', 'уэнздэй', 'uensdej', 'active', '2026-03-02 00:01:45', '2026-04-10 11:57:45'),
	(374, 1, 38, 'Thursday', 'θэсдай', 'θersdej', 'active', '2026-03-02 00:01:45', '2026-04-10 11:57:45'),
	(375, 1, 39, 'Friday', 'фрайдэй', 'frajdej', 'active', '2026-03-02 00:01:45', '2026-04-10 11:57:45'),
	(376, 1, 40, 'Saturday', 'сэтэдай', 'seterdej', 'active', '2026-03-02 00:01:45', '2026-04-10 11:57:45'),
	(377, 1, 41, 'Sunday', 'сандай', 'sandej', 'active', '2026-03-02 00:01:45', '2026-04-10 11:57:45'),
	(378, 1, 42, 'time', 'тайм', 'tajm', 'active', '2026-03-02 00:01:45', '2026-04-10 11:57:45'),
	(379, 1, 43, 'date', 'дэйт', 'dejt', 'active', '2026-03-02 00:01:45', '2026-04-10 11:57:45'),
	(380, 1, 44, 'calendar', 'калэндар', 'kalendar', 'active', '2026-03-02 00:01:45', '2026-04-10 11:57:45'),
	(381, 1, 45, 'clock', 'клок', 'klok', 'active', '2026-03-02 00:01:45', '2026-04-10 11:57:45'),
	(382, 1, 46, 'hour', 'хаур', 'haur', 'active', '2026-03-02 00:01:45', '2026-04-10 11:57:45'),
	(383, 1, 47, 'minute', 'минит', 'minit', 'active', '2026-03-02 00:01:45', '2026-04-10 11:57:45'),
	(384, 1, 48, 'second', 'сэконд', 'sekond', 'active', '2026-03-02 00:01:45', '2026-04-10 11:57:45'),
	(385, 1, 49, 'day', 'дай', 'dejt', 'active', '2026-03-02 00:01:45', '2026-04-10 11:57:45'),
	(386, 1, 50, 'country', 'кантри', 'kantri', 'active', '2026-03-02 00:01:45', '2026-04-10 11:57:45'),
	(387, 1, 51, 'capital', 'кэпитал', 'kepital', 'active', '2026-03-02 00:01:45', '2026-04-10 11:57:45'),
	(388, 1, 52, 'people', 'пипл', 'pipl', 'active', '2026-03-02 00:01:45', '2026-04-10 11:57:45'),
	(389, 1, 54, 'language', 'лэнгвидж', 'lengvidzh', 'active', '2026-03-02 00:01:45', '2026-04-10 11:57:45'),
	(390, 1, 53, 'state', 'стэйт', 'stejt', 'active', '2026-03-02 00:01:45', '2026-04-10 11:57:45'),
	(391, 1, 55, 'Armenia', 'Эрмэниа', 'armenia', 'active', '2026-03-02 00:01:45', '2026-04-10 11:57:45'),
	(392, 1, 56, 'Great Britain', 'Грэйт Бритэн', 'grejt briten', 'active', '2026-03-02 00:01:45', '2026-04-10 11:57:45'),
	(393, 1, 57, 'Hungary', 'Хангэри', 'hangeri', 'active', '2026-03-02 00:01:45', '2026-04-10 11:57:45'),
	(394, 1, 58, 'Germany', 'Джэмэни', 'dzhemeni', 'active', '2026-03-02 00:01:45', '2026-04-10 11:57:45'),
	(395, 1, 59, 'Greece', 'Гриис', 'griis', 'active', '2026-03-02 00:01:45', '2026-04-10 11:57:45'),
	(396, 1, 60, 'Latvia', 'лэтвиа', 'letvia', 'active', '2026-03-02 00:01:45', '2026-04-10 11:57:45'),
	(397, 1, 61, 'Russia', 'рашиа', 'rashia', 'active', '2026-03-02 00:01:45', '2026-04-10 11:57:45'),
	(398, 1, 62, 'Serbia', 'сэрбиа', 'serbia', 'active', '2026-03-02 00:01:45', '2026-04-10 11:57:45'),
	(399, 1, 63, 'Finland', 'финланд', 'finland', 'active', '2026-03-02 00:01:45', '2026-04-10 11:57:45'),
	(400, 1, 64, 'France', 'фрэнс', 'frens', 'active', '2026-03-02 00:01:45', '2026-04-10 11:57:45'),
	(401, 1, 65, 'personal data', 'пэрсонал дэйтэ', 'personal dejte', 'active', '2026-03-02 00:01:45', '2026-04-10 11:57:45'),
	(402, 1, 66, 'profile', 'профайл', 'profajl', 'active', '2026-03-02 00:01:45', '2026-04-10 11:57:45'),
	(403, 1, 67, 'name', 'нэйм', 'nejm', 'active', '2026-03-02 00:01:45', '2026-04-10 11:57:45'),
	(404, 1, 68, 'surname', 'сэнэйм', 'senejm', 'active', '2026-03-02 00:01:45', '2026-04-10 11:57:45'),
	(405, 1, 69, 'date of birth', 'дэйт оф бёθ', 'dejt of birθ', 'active', '2026-03-02 00:01:45', '2026-04-10 11:57:45'),
	(406, 1, 70, 'place of birth', 'плайс оф бёθ', 'plejs of birθ', 'active', '2026-03-02 00:01:45', '2026-04-10 11:57:45'),
	(407, 1, 71, 'nationality', 'нашионэлити', 'nashioneliti', 'active', '2026-03-02 00:01:45', '2026-04-10 11:57:45'),
	(408, 1, 72, 'residence', 'рэзидэнс', 'rezidens', 'active', '2026-03-02 00:01:45', '2026-04-10 11:57:45'),
	(409, 1, 73, 'address', 'эдрэсс', 'edress', 'active', '2026-03-02 00:01:45', '2026-04-10 11:57:45'),
	(410, 1, 74, 'age', 'эйдж', 'ejdzh', 'active', '2026-03-02 00:01:45', '2026-04-10 11:57:45'),
	(411, 1, 75, 'passport', 'пэспорт', 'pesport', 'active', '2026-03-02 00:01:45', '2026-04-10 11:57:45'),
	(412, 1, 76, 'nature', 'нэчэ', 'neche', 'active', '2026-03-02 00:01:45', '2026-04-10 11:57:45'),
	(413, 1, 77, 'life', 'лайф', 'lajf', 'active', '2026-03-02 00:01:45', '2026-04-10 11:57:45'),
	(414, 1, 78, 'Earth', 'еθ', 'erθ', 'active', '2026-03-02 00:01:45', '2026-04-10 11:57:45'),
	(415, 1, 79, 'Solar', 'солар', 'solar', 'active', '2026-03-02 00:01:45', '2026-04-10 11:57:45'),
	(416, 1, 80, 'Moon', 'муун', 'muun', 'active', '2026-03-02 00:01:45', '2026-04-10 11:57:45'),
	(417, 1, 81, 'space', 'спэйс', 'spejs', 'active', '2026-03-02 00:01:45', '2026-04-10 11:57:45'),
	(418, 1, 82, 'star', 'стар', 'star', 'active', '2026-03-02 00:01:45', '2026-04-10 11:57:45'),
	(419, 1, 83, 'planet', 'плэнэт', 'plenet', 'active', '2026-03-02 00:01:45', '2026-04-10 11:57:45'),
	(420, 1, 84, 'continent', 'континэнт', 'kontinent', 'active', '2026-03-02 00:01:45', '2026-04-10 11:57:45'),
	(421, 9, 85, 'test translation edit', 'test spell base edit', 'test spell eng edit', 'draft', '2026-03-05 10:21:18', '2026-03-05 10:28:36'),
	(422, 9, 1, 'Стороны света', 'стороны света', 'storony sveta', 'active', '2026-04-08 12:59:00', '2026-04-10 12:11:14'),
	(423, 9, 2, 'Север', 'север', 'sever', 'active', '2026-04-08 12:59:00', '2026-04-10 12:11:14'),
	(424, 9, 3, 'Юг', 'юг', 'yug', 'active', '2026-04-08 12:59:00', '2026-04-10 12:11:14'),
	(425, 9, 4, 'Запад', 'запад', 'zapad', 'active', '2026-04-08 12:59:00', '2026-04-10 12:11:14'),
	(426, 9, 5, 'Восток', 'восток', 'vostok', 'active', '2026-04-08 12:59:00', '2026-04-10 12:11:14'),
	(427, 9, 21, 'Европа', 'европа', 'evropa', 'active', '2026-04-08 12:59:00', '2026-04-10 12:11:14'),
	(428, 9, 22, 'Азия', 'азия', 'aziya', 'active', '2026-04-08 12:59:00', '2026-04-10 12:11:14'),
	(429, 9, 23, 'Африка', 'африка', 'afrika', 'active', '2026-04-08 12:59:00', '2026-04-10 12:11:14'),
	(430, 9, 24, 'Северная Америка', 'северная америка', 'severnaya amerika', 'active', '2026-04-08 12:59:00', '2026-04-10 12:11:14'),
	(431, 9, 25, 'Южная Америка', 'южная америка', 'yuzhnaya amerika', 'active', '2026-04-08 12:59:00', '2026-04-10 12:11:14'),
	(432, 9, 26, 'Австралия', 'австралия', 'avstraliya', 'active', '2026-04-08 12:59:00', '2026-04-10 12:11:14'),
	(433, 9, 27, 'Арктика', 'арктика', 'arktika', 'active', '2026-04-08 12:59:00', '2026-04-10 12:11:14'),
	(434, 9, 28, 'Антарктика', 'антарктика', 'antarktika', 'active', '2026-04-08 12:59:00', '2026-04-10 12:11:14'),
	(435, 9, 6, 'время года', 'время года', 'vremya goda', 'active', '2026-04-08 12:59:00', '2026-04-10 12:11:14'),
	(436, 9, 7, 'весна', 'весна', 'vesna', 'active', '2026-04-08 12:59:00', '2026-04-10 12:11:14'),
	(437, 9, 8, 'лето', 'лето', 'leto', 'active', '2026-04-08 12:59:00', '2026-04-10 12:11:14'),
	(438, 9, 9, 'осень', 'осень', 'osen\'', 'active', '2026-04-08 12:59:00', '2026-04-10 12:11:14'),
	(439, 9, 10, 'зима', 'зима', 'zima', 'active', '2026-04-08 12:59:00', '2026-04-10 12:11:14'),
	(440, 9, 11, 'год', 'год', 'god', 'active', '2026-04-08 12:59:00', '2026-04-10 12:11:14'),
	(441, 9, 12, 'месяц', 'месяц', 'mesyats', 'active', '2026-04-08 12:59:00', '2026-04-10 12:11:14'),
	(442, 9, 13, 'Январь', 'январь', 'yanvar\'', 'active', '2026-04-08 12:59:00', '2026-04-10 12:11:14'),
	(443, 9, 14, 'Февраль', 'февраль', 'fevral\'', 'active', '2026-04-08 12:59:00', '2026-04-10 12:11:14'),
	(444, 9, 15, 'Март', 'март', 'mart', 'active', '2026-04-08 12:59:00', '2026-04-10 12:11:14'),
	(445, 9, 16, 'Апрель', 'апрель', 'aprel\'', 'active', '2026-04-08 12:59:00', '2026-04-10 12:11:14'),
	(446, 9, 17, 'Май', 'май', 'may', 'active', '2026-04-08 12:59:00', '2026-04-10 12:11:14'),
	(447, 9, 18, 'Июнь', 'июнь', 'iyun\'', 'active', '2026-04-08 12:59:00', '2026-04-10 12:11:14'),
	(448, 9, 19, 'Июль', 'июль', 'iyul\'', 'active', '2026-04-08 12:59:00', '2026-04-10 12:11:14'),
	(449, 9, 20, 'Август', 'август', 'avgust', 'active', '2026-04-08 12:59:00', '2026-04-10 12:11:14'),
	(450, 9, 29, 'Сентябрь', 'сентябрь', 'sentyabr\'', 'active', '2026-04-08 12:59:00', '2026-04-10 12:11:14'),
	(451, 9, 30, 'Октябрь', 'октябрь', 'oktyabr\'', 'active', '2026-04-08 12:59:00', '2026-04-10 12:11:14'),
	(452, 9, 31, 'Ноябрь', 'ноябрь', 'noyabr\'', 'active', '2026-04-08 12:59:00', '2026-04-10 12:11:14'),
	(453, 9, 32, 'Декабрь', 'декабрь', 'dekabr\'', 'active', '2026-04-08 12:59:00', '2026-04-10 12:11:14'),
	(454, 9, 33, 'неделя', 'неделя', 'nedelya', 'active', '2026-04-08 12:59:00', '2026-04-10 12:11:14'),
	(455, 9, 34, 'день недели', 'день недели', 'den\' nedeli', 'active', '2026-04-08 12:59:00', '2026-04-10 12:11:14'),
	(456, 9, 35, 'Понедельник', 'понедельник', 'ponedel\'nik', 'active', '2026-04-08 12:59:00', '2026-04-10 12:11:14'),
	(457, 9, 36, 'Вторник', 'вторник', 'vtornik', 'active', '2026-04-08 12:59:00', '2026-04-10 12:11:14'),
	(458, 9, 37, 'Среда', 'среда', 'sreda', 'active', '2026-04-08 12:59:00', '2026-04-10 12:11:14'),
	(459, 9, 38, 'Четверг', 'четверг', 'chetverg', 'active', '2026-04-08 12:59:00', '2026-04-10 12:11:14'),
	(460, 9, 39, 'Пятница', 'пятница', 'pyatnitsa', 'active', '2026-04-08 12:59:00', '2026-04-10 12:11:14'),
	(461, 9, 40, 'Суббота', 'суббота', 'subbota', 'active', '2026-04-08 12:59:00', '2026-04-10 12:11:14'),
	(462, 9, 41, 'Воскресенье', 'воскресенье', 'voskresen\'e', 'active', '2026-04-08 12:59:00', '2026-04-10 12:11:14'),
	(463, 9, 42, 'время', 'время', 'vremya', 'active', '2026-04-08 12:59:00', '2026-04-10 12:11:14'),
	(464, 9, 43, 'дата', 'дата', 'data', 'active', '2026-04-08 12:59:00', '2026-04-10 12:11:14'),
	(465, 9, 44, 'календарь', 'календарь', 'kalendar', 'active', '2026-04-08 12:59:00', '2026-04-10 12:11:14'),
	(466, 9, 45, 'часы', 'часы', 'chasy', 'active', '2026-04-08 12:59:00', '2026-04-10 12:11:14'),
	(467, 9, 46, 'час', 'час', 'chas', 'active', '2026-04-08 12:59:00', '2026-04-10 12:11:14'),
	(468, 9, 47, 'минута', 'минута', 'minuta', 'active', '2026-04-08 12:59:00', '2026-04-10 12:11:14'),
	(469, 9, 48, 'секунда', 'секунда', 'sekunda', 'active', '2026-04-08 12:59:00', '2026-04-10 12:11:14'),
	(470, 9, 49, 'день', 'день', 'den\'', 'active', '2026-04-08 12:59:00', '2026-04-10 12:11:14'),
	(471, 9, 50, 'страна', 'страна', 'strana', 'active', '2026-04-08 12:59:00', '2026-04-10 12:11:14'),
	(472, 9, 51, 'столица', 'столица', 'stolitsa', 'active', '2026-04-08 12:59:00', '2026-04-10 12:11:14'),
	(473, 9, 52, 'народ', 'народ', 'narod', 'active', '2026-04-08 12:59:00', '2026-04-10 12:11:14'),
	(474, 9, 54, 'язык', 'язык', 'yazyk', 'active', '2026-04-08 12:59:00', '2026-04-10 12:11:14'),
	(475, 9, 53, 'государство', 'государство', 'gosudarstvo', 'active', '2026-04-08 12:59:00', '2026-04-10 12:11:14'),
	(476, 9, 55, 'Армения', 'армения', 'armeniya', 'active', '2026-04-08 12:59:00', '2026-04-10 12:11:14'),
	(477, 9, 56, 'Великобритания', 'великобритания', 'velikobritaniya', 'active', '2026-04-08 12:59:00', '2026-04-10 12:11:14'),
	(478, 9, 57, 'Венгрия', 'венгрия', 'vengriya', 'active', '2026-04-08 12:59:00', '2026-04-10 12:11:14'),
	(479, 9, 58, 'Германия', 'германия', 'germaniya', 'active', '2026-04-08 12:59:00', '2026-04-10 12:11:14'),
	(480, 9, 59, 'Греция', 'греция', 'gretsiya', 'active', '2026-04-08 12:59:00', '2026-04-10 12:11:14'),
	(481, 9, 60, 'Латвия', 'латвия', 'latviya', 'active', '2026-04-08 12:59:00', '2026-04-10 12:11:14'),
	(482, 9, 61, 'Россия', 'россия', 'rossiya', 'active', '2026-04-08 12:59:00', '2026-04-10 12:11:14'),
	(483, 9, 62, 'Сербия', 'сербия', 'serbiya', 'active', '2026-04-08 12:59:00', '2026-04-10 12:11:14'),
	(484, 9, 63, 'Финляндия', 'финляндия', 'finlyandiya', 'active', '2026-04-08 12:59:00', '2026-04-10 12:11:14'),
	(485, 9, 64, 'Франция', 'франция', 'frantsiya', 'active', '2026-04-08 12:59:00', '2026-04-10 12:11:14'),
	(486, 9, 65, 'личные данные', 'личные данные', 'lichnye dannye', 'active', '2026-04-08 12:59:00', '2026-04-10 12:11:14'),
	(487, 9, 66, 'анкета', 'анкета', 'anketa', 'active', '2026-04-08 12:59:00', '2026-04-10 12:11:14'),
	(488, 9, 67, 'имя', 'имя', 'imya', 'active', '2026-04-08 12:59:00', '2026-04-10 12:11:14'),
	(489, 9, 68, 'фамилия', 'фамилия', 'familiya', 'active', '2026-04-08 12:59:00', '2026-04-10 12:11:14'),
	(490, 9, 69, 'дата рождения', 'дата рождения', 'data rozhdeniya', 'active', '2026-04-08 12:59:00', '2026-04-10 12:11:14'),
	(491, 9, 70, 'место рождения', 'место рождения', 'mesto rozhdeniya', 'active', '2026-04-08 12:59:00', '2026-04-10 12:11:14'),
	(492, 9, 71, 'национальность', 'национальность', 'natsionalnost\'', 'active', '2026-04-08 12:59:00', '2026-04-10 12:11:14'),
	(493, 9, 72, 'место жительства', 'место жительства', 'mesto zhitelstva', 'active', '2026-04-08 12:59:00', '2026-04-10 12:11:14'),
	(494, 9, 73, 'адрес', 'адрес', 'adres', 'active', '2026-04-08 12:59:00', '2026-04-10 12:11:14'),
	(495, 9, 74, 'возраст', 'возраст', 'vozrast', 'active', '2026-04-08 12:59:00', '2026-04-10 12:11:14'),
	(496, 9, 75, 'паспорт', 'паспорт', 'pasport', 'active', '2026-04-08 12:59:00', '2026-04-10 12:11:14'),
	(497, 9, 76, 'природа', 'природа', 'priroda', 'active', '2026-04-08 12:59:00', '2026-04-10 12:11:14'),
	(498, 9, 77, 'жизнь', 'жизнь', 'zhizn\'', 'active', '2026-04-08 12:59:00', '2026-04-10 12:11:14'),
	(499, 9, 78, 'Земля', 'земля', 'zemlya', 'active', '2026-04-08 12:59:00', '2026-04-10 12:11:14'),
	(500, 9, 79, 'Солнце', 'солнце', 'solntse', 'active', '2026-04-08 12:59:00', '2026-04-10 12:11:14'),
	(501, 9, 80, 'Луна', 'луна', 'luna', 'active', '2026-04-08 12:59:00', '2026-04-10 12:11:14'),
	(502, 9, 81, 'космос', 'космос', 'kosmos', 'active', '2026-04-08 12:59:00', '2026-04-10 12:11:14'),
	(503, 9, 82, 'звезда', 'звезда', 'zvezda', 'active', '2026-04-08 12:59:00', '2026-04-10 12:11:14'),
	(504, 9, 83, 'планета', 'планета', 'planeta', 'active', '2026-04-08 12:59:00', '2026-04-10 12:11:14'),
	(505, 9, 84, 'материк', 'материк', 'materik', 'active', '2026-04-08 12:59:00', '2026-04-10 12:11:14'),
	(506, 9, 85, 'число', 'число', 'chislo', 'active', '2026-04-11 13:42:49', '2026-04-11 13:42:49'),
	(507, 9, 86, 'ноль', 'ноль', 'nol\'', 'active', '2026-04-11 13:42:49', '2026-04-11 13:42:49'),
	(508, 9, 87, 'один', 'один', 'odin', 'active', '2026-04-11 13:42:49', '2026-04-11 13:42:49'),
	(509, 9, 88, 'два', 'два', 'dva', 'active', '2026-04-11 13:42:49', '2026-04-11 13:42:49'),
	(510, 9, 89, 'три', 'три', 'tri', 'active', '2026-04-11 13:42:49', '2026-04-11 13:42:49'),
	(511, 9, 90, 'четыре', 'четыре', 'chetyre', 'active', '2026-04-11 13:42:49', '2026-04-11 13:42:49'),
	(512, 9, 91, 'пять', 'пять', 'pyat\'', 'active', '2026-04-11 13:42:49', '2026-04-11 13:42:49'),
	(513, 9, 92, 'шесть', 'шесть', 'shest\'', 'active', '2026-04-11 13:42:49', '2026-04-11 13:42:49'),
	(514, 9, 93, 'семь', 'семь', 'sem\'', 'active', '2026-04-11 13:42:49', '2026-04-11 13:42:49'),
	(515, 9, 94, 'восемь', 'восемь', 'vosem\'', 'active', '2026-04-11 13:42:49', '2026-04-11 13:42:49'),
	(516, 9, 95, 'девять', 'девять', 'devyat\'', 'active', '2026-04-11 13:42:49', '2026-04-11 13:42:49'),
	(517, 9, 96, 'десять', 'десять', 'desyat\'', 'active', '2026-04-11 13:42:49', '2026-04-11 13:42:49'),
	(518, 9, 97, 'цвет', 'цвет', 'tsvet', 'active', '2026-04-11 13:42:49', '2026-04-11 13:42:49'),
	(519, 9, 98, 'белый', 'белый', 'belyj', 'active', '2026-04-11 13:42:49', '2026-04-11 13:42:49'),
	(520, 9, 99, 'чёрный', 'чёрный', 'chornyj', 'active', '2026-04-11 13:42:49', '2026-04-11 13:42:49'),
	(521, 9, 100, 'серый', 'серый', 'seryj', 'active', '2026-04-11 13:42:49', '2026-04-11 13:42:49'),
	(522, 9, 101, 'красный', 'красный', 'krasnyj', 'active', '2026-04-11 13:42:49', '2026-04-11 13:42:49'),
	(523, 9, 102, 'оранжевый', 'оранжевый', 'oranzhevyj', 'active', '2026-04-11 13:42:49', '2026-04-11 13:42:49'),
	(524, 9, 103, 'жёлтый', 'жёлтый', 'zholtyj', 'active', '2026-04-11 13:42:49', '2026-04-11 13:42:49'),
	(525, 9, 104, 'зелёный', 'зелёный', 'zelyonyj', 'active', '2026-04-11 13:42:49', '2026-04-11 13:42:49'),
	(526, 9, 105, 'синий', 'синий', 'sinij', 'active', '2026-04-11 13:42:49', '2026-04-11 13:42:49'),
	(527, 9, 106, 'голубой', 'голубой', 'goluboj', 'active', '2026-04-11 13:42:49', '2026-04-11 13:42:49'),
	(528, 9, 107, 'розовый', 'розовый', 'rosovyj', 'active', '2026-04-11 13:42:49', '2026-04-11 13:42:49'),
	(529, 9, 108, 'фиолетовый', 'фиолетовый', 'fioletovyj', 'active', '2026-04-11 13:42:49', '2026-04-11 13:42:49'),
	(530, 9, 109, 'коричневый', 'коричневый', 'korichnevyj', 'active', '2026-04-11 13:42:49', '2026-04-11 13:42:49'),
	(531, 9, 110, 'направление', 'направление', 'napravlenie', 'active', '2026-04-11 13:42:49', '2026-04-11 13:42:49'),
	(532, 9, 111, 'левый', 'левый', 'levyj', 'active', '2026-04-11 13:42:49', '2026-04-11 13:42:49'),
	(533, 9, 112, 'правый', 'правый', 'pravyj', 'active', '2026-04-11 13:42:49', '2026-04-11 13:42:49'),
	(534, 9, 113, 'вперёд', 'вперёд', 'vperyod', 'active', '2026-04-11 13:42:49', '2026-04-11 13:42:49'),
	(535, 9, 114, 'назад', 'назад', 'nazad', 'active', '2026-04-11 13:42:49', '2026-04-11 13:42:49'),
	(536, 9, 115, 'вверх', 'вверх', 'vverkh', 'active', '2026-04-11 13:42:49', '2026-04-11 13:42:49'),
	(537, 9, 116, 'вниз', 'вниз', 'vniz', 'active', '2026-04-11 13:42:49', '2026-04-11 13:42:49'),
	(538, 9, 117, 'семья', 'семья', 'sem\'ya', 'active', '2026-04-11 13:42:49', '2026-04-11 13:42:49'),
	(539, 9, 118, 'любовь', 'любовь', 'lyubov\'', 'active', '2026-04-11 13:42:49', '2026-04-11 13:42:49'),
	(540, 9, 119, 'мужчина', 'мужчина', 'muzhchina', 'active', '2026-04-11 13:42:49', '2026-04-11 13:42:49'),
	(541, 9, 120, 'женщина', 'женщина', 'zhenshina', 'active', '2026-04-11 13:42:49', '2026-04-11 13:42:49'),
	(542, 9, 121, 'муж', 'муж', 'muzh', 'active', '2026-04-11 13:42:49', '2026-04-11 13:42:49'),
	(543, 9, 122, 'жена', 'жена', 'zhena', 'active', '2026-04-11 13:42:49', '2026-04-11 13:42:49'),
	(544, 9, 123, 'ребёнок', 'ребёнок', 'rebyonok', 'active', '2026-04-11 13:42:49', '2026-04-11 13:42:49'),
	(545, 9, 124, 'мальчик', 'мальчик', 'mal\'chik', 'active', '2026-04-11 13:42:49', '2026-04-11 13:42:49'),
	(546, 9, 125, 'девочка', 'девочка', 'devochka', 'active', '2026-04-11 13:42:49', '2026-04-11 13:42:49'),
	(547, 9, 126, 'родители', 'родители', 'roditeli', 'active', '2026-04-11 13:42:49', '2026-04-11 13:42:49'),
	(548, 9, 127, 'мать', 'мать', 'mat\'', 'active', '2026-04-11 13:42:49', '2026-04-11 13:42:49'),
	(549, 9, 128, 'отец', 'отец', 'otets', 'active', '2026-04-11 13:42:49', '2026-04-11 13:42:49'),
	(550, 9, 129, 'брат', 'брат', 'brat', 'active', '2026-04-11 13:42:49', '2026-04-11 13:42:49'),
	(551, 9, 130, 'сестра', 'сестра', 'sestra', 'active', '2026-04-11 13:42:49', '2026-04-11 13:42:49'),
	(552, 9, 131, 'сын', 'сын', 'cyn', 'active', '2026-04-11 13:42:49', '2026-04-11 13:42:49'),
	(553, 9, 132, 'дочь', 'дочь', 'doch', 'active', '2026-04-11 13:42:49', '2026-04-11 13:42:49'),
	(554, 1, 85, 'number', 'намбе', 'nambe', 'active', '2026-04-11 14:11:03', '2026-04-11 14:11:03'),
	(555, 1, 86, 'zero', 'зеро', 'zero', 'active', '2026-04-11 14:11:03', '2026-04-11 14:11:03'),
	(556, 1, 87, 'one', 'уан', 'uan', 'active', '2026-04-11 14:11:03', '2026-04-11 14:11:03'),
	(557, 1, 88, 'two', 'туу', 'tuu', 'active', '2026-04-11 14:11:03', '2026-04-11 14:11:03'),
	(558, 1, 89, 'three', 'θри', 'θri', 'active', '2026-04-11 14:11:03', '2026-04-11 14:11:03'),
	(559, 1, 90, 'four', 'фо', 'fo', 'active', '2026-04-11 14:11:03', '2026-04-11 14:11:03'),
	(560, 1, 91, 'five', 'файв', 'fajv', 'active', '2026-04-11 14:11:03', '2026-04-11 14:11:03'),
	(561, 1, 92, 'six', 'сикс', 'siks', 'active', '2026-04-11 14:11:03', '2026-04-11 14:11:03'),
	(562, 1, 93, 'seven', 'севен', 'seven', 'active', '2026-04-11 14:11:03', '2026-04-11 14:11:03'),
	(563, 1, 94, 'eight', 'эйт', 'ejt', 'active', '2026-04-11 14:11:03', '2026-04-11 14:11:03'),
	(564, 1, 95, 'nine', 'найн', 'najn', 'active', '2026-04-11 14:11:03', '2026-04-11 14:11:03'),
	(565, 1, 96, 'ten', 'тэн', 'ten', 'active', '2026-04-11 14:11:03', '2026-04-11 14:11:03'),
	(566, 1, 97, 'color', 'кало', 'kalo', 'active', '2026-04-11 14:11:03', '2026-04-11 14:11:03'),
	(567, 1, 98, 'white', 'вайт', 'uajt', 'active', '2026-04-11 14:11:03', '2026-04-11 14:11:03'),
	(568, 1, 99, 'black', 'блэк', 'blek', 'active', '2026-04-11 14:11:03', '2026-04-11 14:11:03'),
	(569, 1, 100, 'grey', 'грей', 'grej', 'active', '2026-04-11 14:11:03', '2026-04-11 14:11:03'),
	(570, 1, 101, 'red', 'рэд', 'red', 'active', '2026-04-11 14:11:03', '2026-04-11 14:11:03'),
	(571, 1, 102, 'orange', 'орандж', 'orandzh', 'active', '2026-04-11 14:11:03', '2026-04-11 14:11:03'),
	(572, 1, 103, 'yellow', 'йеллоу', 'jellou', 'active', '2026-04-11 14:11:03', '2026-04-11 14:11:03'),
	(573, 1, 104, 'green', 'грин', 'griin', 'active', '2026-04-11 14:11:03', '2026-04-11 14:11:03'),
	(574, 1, 105, 'blue', 'блю', 'blyu', 'active', '2026-04-11 14:11:03', '2026-04-11 14:11:03'),
	(575, 1, 106, 'blue', 'блю', 'blyu', 'active', '2026-04-11 14:11:03', '2026-04-11 14:11:03'),
	(576, 1, 107, 'pink', 'пинк', 'pink', 'active', '2026-04-11 14:11:03', '2026-04-11 14:11:03'),
	(577, 1, 108, 'violet', 'виолет', 'violet', 'active', '2026-04-11 14:11:03', '2026-04-11 14:11:03'),
	(578, 1, 109, 'brown', 'браун', 'braun', 'active', '2026-04-11 14:11:03', '2026-04-11 14:11:03'),
	(579, 1, 110, 'direction', 'дирекшн', 'direkshn', 'active', '2026-04-11 14:11:03', '2026-04-11 14:11:03'),
	(580, 1, 111, 'left', 'лэфт', 'left', 'active', '2026-04-11 14:11:03', '2026-04-11 14:11:03'),
	(581, 1, 112, 'right', 'райт', 'rajt', 'active', '2026-04-11 14:11:03', '2026-04-11 14:11:03'),
	(582, 1, 113, 'forward', 'форвард', 'forvard', 'active', '2026-04-11 14:11:03', '2026-04-11 14:11:03'),
	(583, 1, 114, 'back', 'бэк', 'bek', 'active', '2026-04-11 14:11:03', '2026-04-11 14:11:03'),
	(584, 1, 115, 'up', 'ап', 'ap', 'active', '2026-04-11 14:11:03', '2026-04-11 14:11:03'),
	(585, 1, 116, 'down', 'даун', 'daun', 'active', '2026-04-11 14:11:03', '2026-04-11 14:11:03'),
	(586, 1, 117, 'family', 'фэмэли', 'femeli', 'active', '2026-04-11 14:11:03', '2026-04-11 14:11:03'),
	(587, 1, 118, 'love', 'лав', 'lav', 'active', '2026-04-11 14:11:03', '2026-04-11 14:11:03'),
	(588, 1, 119, 'men', 'мен', 'men', 'active', '2026-04-11 14:11:03', '2026-04-11 14:11:03'),
	(589, 1, 120, 'women', 'вумен', 'vumen', 'active', '2026-04-11 14:11:03', '2026-04-11 14:11:03'),
	(590, 1, 121, 'husband', 'хазбэнд', 'hazbend', 'active', '2026-04-11 14:11:03', '2026-04-11 14:11:03'),
	(591, 1, 122, 'wife', 'вайф', 'vajf', 'active', '2026-04-11 14:11:03', '2026-04-11 14:11:03'),
	(592, 1, 123, 'child', 'чайлд', 'chajld', 'active', '2026-04-11 14:11:03', '2026-04-11 14:11:03'),
	(593, 1, 124, 'boy', 'бой', 'boj', 'active', '2026-04-11 14:11:03', '2026-04-11 14:11:03'),
	(594, 1, 125, 'girl', 'гёрл', 'gerl', 'active', '2026-04-11 14:11:03', '2026-04-11 14:11:03'),
	(595, 1, 126, 'parents', 'пэрентс', 'perents', 'active', '2026-04-11 14:11:03', '2026-04-11 14:11:03'),
	(596, 1, 127, 'mother', 'маθе', 'maθe', 'active', '2026-04-11 14:11:03', '2026-04-11 14:11:03'),
	(597, 1, 128, 'father', 'фаθе', 'faθe', 'active', '2026-04-11 14:11:03', '2026-04-11 14:11:03'),
	(598, 1, 129, 'brother', 'браθе', 'braθe', 'active', '2026-04-11 14:11:03', '2026-04-11 14:11:03'),
	(599, 1, 130, 'sister', 'систе', 'siste', 'active', '2026-04-11 14:11:03', '2026-04-11 14:11:03'),
	(600, 1, 131, 'son', 'сон', 'son', 'active', '2026-04-11 14:11:03', '2026-04-11 14:11:03'),
	(601, 1, 132, 'daughter', 'доте', 'dote', 'active', '2026-04-11 14:11:03', '2026-04-11 14:11:03'),
	(602, 5, 85, 'skaits', 'скайтс', 'skajts', 'active', '2026-04-11 14:40:58', '2026-04-11 14:40:58'),
	(603, 5, 86, 'nulle', 'нулле', 'nulle', 'active', '2026-04-11 14:40:58', '2026-04-11 14:40:58'),
	(604, 5, 87, 'viens', 'виенс', 'viens', 'active', '2026-04-11 14:40:58', '2026-04-11 14:40:58'),
	(605, 5, 88, 'divi', 'диви', 'divi', 'active', '2026-04-11 14:40:58', '2026-04-11 14:40:58'),
	(606, 5, 89, 'trīs', 'триис', 'triis', 'active', '2026-04-11 14:40:58', '2026-04-11 14:40:58'),
	(607, 5, 90, 'četri', 'чэтри', 'chetri', 'active', '2026-04-11 14:40:58', '2026-04-11 14:40:58'),
	(608, 5, 91, 'pieci', 'пиеци', 'pietsi', 'active', '2026-04-11 14:40:58', '2026-04-11 14:40:58'),
	(609, 5, 92, 'seši', 'сэши', 'seshi', 'active', '2026-04-11 14:40:58', '2026-04-11 14:40:58'),
	(610, 5, 93, 'septiņi', 'сэптини', 'septini', 'active', '2026-04-11 14:40:58', '2026-04-11 14:40:58'),
	(611, 5, 94, 'astoņi', 'астони', 'astoni', 'active', '2026-04-11 14:40:58', '2026-04-11 14:40:58'),
	(612, 5, 95, 'deviņi', 'дэвини', 'devini', 'active', '2026-04-11 14:40:58', '2026-04-11 14:40:58'),
	(613, 5, 96, 'desmit', 'дэсмит', 'desmit', 'active', '2026-04-11 14:40:58', '2026-04-11 14:40:58'),
	(614, 5, 97, 'krāsa', 'крааса', 'kraasa', 'active', '2026-04-11 14:40:58', '2026-04-11 14:40:58'),
	(615, 5, 98, 'balts', 'балтс', 'balts', 'active', '2026-04-11 14:40:58', '2026-04-11 14:40:58'),
	(616, 5, 99, 'melns', 'мэлнс', 'melns', 'active', '2026-04-11 14:40:58', '2026-04-11 14:40:58'),
	(617, 5, 100, 'pelēks', 'пэлээкс', 'peleeks', 'active', '2026-04-11 14:40:58', '2026-04-11 14:40:58'),
	(618, 5, 101, 'sarkans', 'сарканс', 'sarkans', 'active', '2026-04-11 14:40:58', '2026-04-11 14:40:58'),
	(619, 5, 102, 'oranžs', 'оранжс', 'oranzhs', 'active', '2026-04-11 14:40:58', '2026-04-11 14:40:58'),
	(620, 5, 103, 'dzeltens', 'дзэлтэнс', 'dzeltens', 'active', '2026-04-11 14:40:58', '2026-04-11 14:40:58'),
	(621, 5, 104, 'zaļš', 'залш', 'zalsh', 'active', '2026-04-11 14:40:58', '2026-04-11 14:40:58'),
	(622, 5, 105, 'zils', 'зилс', 'zils', 'active', '2026-04-11 14:40:58', '2026-04-11 14:40:58'),
	(623, 5, 106, 'gaiši zils', 'гайши зилс', 'gajshi zils', 'active', '2026-04-11 14:40:58', '2026-04-11 14:40:58'),
	(624, 5, 107, 'rozā', 'розаа', 'rosaa', 'active', '2026-04-11 14:40:58', '2026-04-11 14:40:58'),
	(625, 5, 108, 'violets', 'виолетс', 'violets', 'active', '2026-04-11 14:40:58', '2026-04-11 14:40:58'),
	(626, 5, 109, 'brūns', 'бруунс', 'bruuns', 'active', '2026-04-11 14:40:58', '2026-04-11 14:40:58'),
	(627, 5, 110, 'virziens', 'вирзиенс', 'virziens', 'active', '2026-04-11 14:40:58', '2026-04-11 14:40:58'),
	(628, 5, 111, 'kreisais', 'крэйсайс', 'krejsajs', 'active', '2026-04-11 14:40:58', '2026-04-11 14:40:58'),
	(629, 5, 112, 'labais', 'лабайс', 'labajs', 'active', '2026-04-11 14:40:58', '2026-04-11 14:40:58'),
	(630, 5, 113, 'uz priekšu', 'уз приекшу', 'uz priekshu', 'active', '2026-04-11 14:40:58', '2026-04-11 14:40:58'),
	(631, 5, 114, 'atpakaj', 'атпакай', 'atpakaj', 'active', '2026-04-11 14:40:58', '2026-04-11 14:40:58'),
	(632, 5, 115, 'augšup', 'аугшуп', 'augshup', 'active', '2026-04-11 14:40:58', '2026-04-11 14:40:58'),
	(633, 5, 116, 'lejup', 'лейуп', 'lejup', 'active', '2026-04-11 14:40:58', '2026-04-11 14:40:58'),
	(634, 5, 117, 'ģimene', 'димэне', 'dimene', 'active', '2026-04-11 14:40:58', '2026-04-11 14:40:58'),
	(635, 5, 118, 'mīlestība', 'милэстиба', 'milestiba', 'active', '2026-04-11 14:40:58', '2026-04-11 14:40:58'),
	(636, 5, 119, 'vīrietis', 'виириетис', 'viirietis', 'active', '2026-04-11 14:40:58', '2026-04-11 14:40:58'),
	(637, 5, 120, 'sieviete', 'сиевиетэ', 'sieviete', 'active', '2026-04-11 14:40:58', '2026-04-11 14:40:58'),
	(638, 5, 121, 'vīrs', 'виирс', 'viirs', 'active', '2026-04-11 14:40:58', '2026-04-11 14:40:58'),
	(639, 5, 122, 'sieva', 'сиева', 'sieva', 'active', '2026-04-11 14:40:58', '2026-04-11 14:40:58'),
	(640, 5, 123, 'bērns', 'бээрнс', 'beerns', 'active', '2026-04-11 14:40:58', '2026-04-11 14:40:58'),
	(641, 5, 124, 'puika', 'пуйка', 'pujka', 'active', '2026-04-11 14:40:58', '2026-04-11 14:40:58'),
	(642, 5, 125, 'meitene', 'мэйтэнэ', 'mejtene', 'active', '2026-04-11 14:40:58', '2026-04-11 14:40:58'),
	(643, 5, 126, 'vecāki', 'вэцааки', 'vetsaki', 'active', '2026-04-11 14:40:58', '2026-04-11 14:40:58'),
	(644, 5, 127, 'māte', 'маатэ', 'maate', 'active', '2026-04-11 14:40:58', '2026-04-11 14:40:58'),
	(645, 5, 128, 'tēvs', 'тээвс', 'teevs', 'active', '2026-04-11 14:40:58', '2026-04-11 14:40:58'),
	(646, 5, 129, 'brālis', 'браалис', 'braalis', 'active', '2026-04-11 14:40:58', '2026-04-11 14:40:58'),
	(647, 5, 130, 'māsa', 'мааса', 'maasa', 'active', '2026-04-11 14:40:58', '2026-04-11 14:40:58'),
	(648, 5, 131, 'dēls', 'дээлс', 'deels', 'active', '2026-04-11 14:40:58', '2026-04-11 14:40:58'),
	(649, 5, 132, 'meita', 'мэйта', 'mejta', 'active', '2026-04-11 14:40:58', '2026-04-11 14:40:58'),
	(650, 4, 85, 'luku', 'луку', 'luku', 'active', '2026-04-11 15:19:17', '2026-04-11 15:19:17'),
	(651, 4, 86, 'nolla', 'нолла', 'nolla', 'active', '2026-04-11 15:19:17', '2026-04-11 15:19:17'),
	(652, 4, 87, 'yksi', 'юкси', 'yuksi', 'active', '2026-04-11 15:19:17', '2026-04-11 15:19:17'),
	(653, 4, 88, 'kaksi', 'какси', 'kaksi', 'active', '2026-04-11 15:19:17', '2026-04-11 15:19:17'),
	(654, 4, 89, 'kolme', 'колме', 'kolme', 'active', '2026-04-11 15:19:17', '2026-04-11 15:19:17'),
	(655, 4, 90, 'neljä', 'нелья', 'nelja', 'active', '2026-04-11 15:19:17', '2026-04-11 15:19:17'),
	(656, 4, 91, 'viisi', 'вииси', 'viisi', 'active', '2026-04-11 15:19:17', '2026-04-11 15:19:17'),
	(657, 4, 92, 'kuusi', 'кууси', 'kuusi', 'active', '2026-04-11 15:19:17', '2026-04-11 15:19:17'),
	(658, 4, 93, 'seitsemän', 'сейцэман', 'seitseman', 'active', '2026-04-11 15:19:17', '2026-04-11 15:19:17'),
	(659, 4, 94, 'kahdeksan', 'кахдэксан', 'kahdeksan', 'active', '2026-04-11 15:19:17', '2026-04-11 15:19:17'),
	(660, 4, 95, 'yhdeksän', 'юхдэксан', 'yuhdeksan', 'active', '2026-04-11 15:19:17', '2026-04-11 15:19:17'),
	(661, 4, 96, 'kymmenen', 'кюмменен', 'kyummenem', 'active', '2026-04-11 15:19:17', '2026-04-11 15:19:17'),
	(662, 4, 97, 'väri', 'вари', 'vari', 'active', '2026-04-11 15:19:17', '2026-04-11 15:19:17'),
	(663, 4, 98, 'valkoinen', 'валкойнен', 'valkoinen', 'active', '2026-04-11 15:19:17', '2026-04-11 15:19:17'),
	(664, 4, 99, 'musta', 'муста', 'musta', 'active', '2026-04-11 15:19:17', '2026-04-11 15:19:17'),
	(665, 4, 100, 'harmaa', 'хармаа', 'harmaa', 'active', '2026-04-11 15:19:17', '2026-04-11 15:19:17'),
	(666, 4, 101, 'punainen', 'пунайнен', 'punainen', 'active', '2026-04-11 15:19:17', '2026-04-11 15:19:17'),
	(667, 4, 102, 'oranssi', 'оранси', 'oransi', 'active', '2026-04-11 15:19:17', '2026-04-11 15:19:17'),
	(668, 4, 103, 'keltainen', 'келтайнен', 'keltajnen', 'active', '2026-04-11 15:19:17', '2026-04-11 15:19:17'),
	(669, 4, 104, 'vihreä', 'вихреа', 'vihrea', 'active', '2026-04-11 15:19:17', '2026-04-11 15:19:17'),
	(670, 4, 105, 'sininen', 'сининен', 'sininen', 'active', '2026-04-11 15:19:17', '2026-04-11 15:19:17'),
	(671, 4, 106, 'vaaleansininen', 'ваалеансининен', 'vaaleansininen', 'active', '2026-04-11 15:19:17', '2026-04-11 15:19:17'),
	(672, 4, 107, 'vaaleanpunainen', 'ваалеанпунайнен', 'vaaleanpunajnen', 'active', '2026-04-11 15:19:17', '2026-04-11 15:19:17'),
	(673, 4, 108, 'violetti', 'виолетти', 'violetti', 'active', '2026-04-11 15:19:17', '2026-04-11 15:19:17'),
	(674, 4, 109, 'ruskea', 'рускеа', 'ruskea', 'active', '2026-04-11 15:19:17', '2026-04-11 15:19:17'),
	(675, 4, 110, 'suunta', 'суунта', 'suunta', 'active', '2026-04-11 15:19:17', '2026-04-11 15:19:17'),
	(676, 4, 111, 'vasen', 'васэн', 'vasen', 'active', '2026-04-11 15:19:17', '2026-04-11 15:19:17'),
	(677, 4, 112, 'oikea', 'ойкеа', 'ojkea', 'active', '2026-04-11 15:19:17', '2026-04-11 15:19:17'),
	(678, 4, 113, 'eteenpäin', 'этэмпайн', 'eteempajn', 'active', '2026-04-11 15:19:17', '2026-04-11 15:19:17'),
	(679, 4, 114, 'takaisin', 'такайсин', 'takajsin', 'active', '2026-04-11 15:19:17', '2026-04-11 15:19:17'),
	(680, 4, 115, 'ylös', 'юлос', 'yulos', 'active', '2026-04-11 15:19:17', '2026-04-11 15:19:17'),
	(681, 4, 116, 'alas', 'алас', 'alas', 'active', '2026-04-11 15:19:17', '2026-04-11 15:19:17'),
	(682, 4, 117, 'perhe', 'пэрхе', 'perhe', 'active', '2026-04-11 15:19:17', '2026-04-11 15:19:17'),
	(683, 4, 118, 'rakkaus', 'раккаус', 'rakkaus', 'active', '2026-04-11 15:19:17', '2026-04-11 15:19:17'),
	(684, 4, 119, 'mies', 'миес', 'mies', 'active', '2026-04-11 15:19:17', '2026-04-11 15:19:17'),
	(685, 4, 120, 'nainen', 'найнен', 'najnen', 'active', '2026-04-11 15:19:17', '2026-04-11 15:19:17'),
	(686, 4, 121, 'mies', 'миес', 'mies', 'active', '2026-04-11 15:19:17', '2026-04-11 15:19:17'),
	(687, 4, 122, 'vaimo', 'ваймо', 'vajmo', 'active', '2026-04-11 15:19:17', '2026-04-11 15:19:17'),
	(688, 4, 123, 'lapsi', 'лапси', 'lapsi', 'active', '2026-04-11 15:19:17', '2026-04-11 15:19:17'),
	(689, 4, 124, 'poika', 'пойка', 'pojka', 'active', '2026-04-11 15:19:17', '2026-04-11 15:19:17'),
	(690, 4, 125, 'tyttö', 'тютто', 'tyutto', 'active', '2026-04-11 15:19:17', '2026-04-11 15:19:17'),
	(691, 4, 126, 'vanhemmat', 'ванхеммат', 'vanhemmat', 'active', '2026-04-11 15:19:17', '2026-04-11 15:19:17'),
	(692, 4, 127, 'äiti', 'айти', 'ajti', 'active', '2026-04-11 15:19:17', '2026-04-11 15:19:17'),
	(693, 4, 128, 'isä', 'иса', 'isa', 'active', '2026-04-11 15:19:17', '2026-04-11 15:19:17'),
	(694, 4, 129, 'veli', 'вэли', 'veli', 'active', '2026-04-11 15:19:17', '2026-04-11 15:19:17'),
	(695, 4, 130, 'sisar', 'сисар', 'sisar', 'active', '2026-04-11 15:19:17', '2026-04-11 15:19:17'),
	(696, 4, 131, 'poika', 'пойка', 'pojka', 'active', '2026-04-11 15:19:17', '2026-04-11 15:19:17'),
	(697, 4, 132, 'tytär', 'тютар', 'tyutar', 'active', '2026-04-11 15:19:17', '2026-04-11 15:19:17'),
	(698, 3, 85, 'αριθμός', 'ариθмос', 'ariθmos', 'active', '2026-04-11 15:35:45', '2026-04-11 15:35:45'),
	(699, 3, 86, 'μηδ\'εν', 'мидэн', 'miden', 'active', '2026-04-11 15:35:45', '2026-04-11 15:35:45'),
	(700, 3, 87, 'ένα', 'эна', 'ena', 'active', '2026-04-11 15:35:45', '2026-04-11 15:35:45'),
	(701, 3, 88, 'δύο', 'дио', 'dio', 'active', '2026-04-11 15:35:45', '2026-04-11 15:35:45'),
	(702, 3, 89, 'τρία', 'триа', 'tria', 'active', '2026-04-11 15:35:45', '2026-04-11 15:35:45'),
	(703, 3, 90, 'τέσσερα', 'тэссэра', 'tessera', 'active', '2026-04-11 15:35:45', '2026-04-11 15:35:45'),
	(704, 3, 91, 'πέντε', 'пэндэ', 'pende', 'active', '2026-04-11 15:35:45', '2026-04-11 15:35:45'),
	(705, 3, 92, 'έξι', 'экси', 'eksi', 'active', '2026-04-11 15:35:45', '2026-04-11 15:35:45'),
	(706, 3, 93, 'εφτά', 'эфта', 'efta', 'active', '2026-04-11 15:35:45', '2026-04-11 15:35:45'),
	(707, 3, 94, 'οχτώ', 'охто', 'ohto', 'active', '2026-04-11 15:35:45', '2026-04-11 15:35:45'),
	(708, 3, 95, 'ενέα', 'энэа', 'enea', 'active', '2026-04-11 15:35:45', '2026-04-11 15:35:45'),
	(709, 3, 96, 'δέκα', 'дэка', 'deka', 'active', '2026-04-11 15:35:45', '2026-04-11 15:35:45'),
	(710, 3, 97, 'χρώμα', 'хрома', 'hroma', 'active', '2026-04-11 15:35:45', '2026-04-11 15:35:45'),
	(711, 3, 98, 'άσπρος', 'аспрос', 'aspros', 'active', '2026-04-11 15:35:45', '2026-04-11 15:35:45'),
	(712, 3, 99, 'μαύρος', 'маврос', 'mavros', 'active', '2026-04-11 15:35:45', '2026-04-11 15:35:45'),
	(713, 3, 100, 'γρίζος', 'гризос', 'grizos', 'active', '2026-04-11 15:35:45', '2026-04-11 15:35:45'),
	(714, 3, 101, 'κόκκινος', 'коккинос', 'kokkinos', 'active', '2026-04-11 15:35:45', '2026-04-11 15:35:45'),
	(715, 3, 102, 'πορτοκαλής', 'портокалис', 'portokalis', 'active', '2026-04-11 15:35:45', '2026-04-11 15:35:45'),
	(716, 3, 103, 'κίτρινος', 'китринос', 'kitrinos', 'active', '2026-04-11 15:35:45', '2026-04-11 15:35:45'),
	(717, 3, 104, 'πράσινος', 'прасинос', 'prasinos', 'active', '2026-04-11 15:35:45', '2026-04-11 15:35:45'),
	(718, 3, 105, 'μπλε', 'блэ', 'ble', 'active', '2026-04-11 15:35:45', '2026-04-11 15:35:45'),
	(719, 3, 106, 'γαλανός', 'галанос', 'galanos', 'active', '2026-04-11 15:35:45', '2026-04-11 15:35:45'),
	(720, 3, 107, 'ροζ', 'роз', 'roz', 'active', '2026-04-11 15:35:45', '2026-04-11 15:35:45'),
	(721, 3, 108, 'μωβ', 'мов', 'mov', 'active', '2026-04-11 15:35:45', '2026-04-11 15:35:45'),
	(722, 3, 109, 'καφετίς', 'кафэтис', 'kafetis', 'active', '2026-04-11 15:35:45', '2026-04-11 15:35:45'),
	(723, 3, 110, 'κατεύθυνση', 'катэфθинси', 'katefθinsi', 'active', '2026-04-11 15:35:45', '2026-04-11 15:35:45'),
	(724, 3, 111, 'αριστερός', 'аристэрос', 'aristeros', 'active', '2026-04-11 15:35:45', '2026-04-11 15:35:45'),
	(725, 3, 112, 'δεξιός', 'дэксиос', 'deksios', 'active', '2026-04-11 15:35:45', '2026-04-11 15:35:45'),
	(726, 3, 113, 'μπροστά', 'броста', 'brosta', 'active', '2026-04-11 15:35:45', '2026-04-11 15:35:45'),
	(727, 3, 114, 'πισώ', 'писо', 'piso', 'active', '2026-04-11 15:35:45', '2026-04-11 15:35:45'),
	(728, 3, 115, 'πάνω', 'пано', 'pano', 'active', '2026-04-11 15:35:45', '2026-04-11 15:35:45'),
	(729, 3, 116, 'κάτω', 'като', 'kato', 'active', '2026-04-11 15:35:45', '2026-04-11 15:35:45'),
	(730, 3, 117, 'οικογένεια', 'икогэниа', 'ikogenia', 'active', '2026-04-11 15:35:45', '2026-04-11 15:35:45'),
	(731, 3, 118, 'αγάπη', 'агапи', 'agapi', 'active', '2026-04-11 15:35:45', '2026-04-11 15:35:45'),
	(732, 3, 119, 'άνδρας', 'андрас', 'andras', 'active', '2026-04-11 15:35:45', '2026-04-11 15:35:45'),
	(733, 3, 120, 'γυναίκα', 'гинэка', 'gineka', 'active', '2026-04-11 15:35:45', '2026-04-11 15:35:45'),
	(734, 3, 121, 'άνδρας', 'андрас', 'andras', 'active', '2026-04-11 15:35:45', '2026-04-11 15:35:45'),
	(735, 3, 122, 'γυναίκα', 'гинэка', 'gineka', 'active', '2026-04-11 15:35:45', '2026-04-11 15:35:45'),
	(736, 3, 123, 'παιδί', 'пэди', 'pedi', 'active', '2026-04-11 15:35:45', '2026-04-11 15:35:45'),
	(737, 3, 124, 'αγόρι', 'агори', 'agori', 'active', '2026-04-11 15:35:45', '2026-04-11 15:35:45'),
	(738, 3, 125, 'κορίτσι', 'коритси', 'koritsi', 'active', '2026-04-11 15:35:45', '2026-04-11 15:35:45'),
	(739, 3, 126, 'γονείς', 'гонис', 'gonis', 'active', '2026-04-11 15:35:45', '2026-04-11 15:35:45'),
	(740, 3, 127, 'μητέρα', 'митэра', 'mitera', 'active', '2026-04-11 15:35:45', '2026-04-11 15:35:45'),
	(741, 3, 128, 'πατέρας', 'патэрас', 'pateras', 'active', '2026-04-11 15:35:45', '2026-04-11 15:35:45'),
	(742, 3, 129, 'αδερφός', 'адэрфос', 'aderfos', 'active', '2026-04-11 15:35:45', '2026-04-11 15:35:45'),
	(743, 3, 130, 'αδερφή', 'адэрфи', 'aderfi', 'active', '2026-04-11 15:35:45', '2026-04-11 15:35:45'),
	(744, 3, 131, 'γιός', 'иос', 'ios', 'active', '2026-04-11 15:35:45', '2026-04-11 15:35:45'),
	(745, 3, 132, 'κόρη', 'кори', 'kori', 'active', '2026-04-11 15:35:45', '2026-04-11 15:35:45'),
	(746, 2, 85, 'թւվ', 'тив', 'tiv', 'active', '2026-04-11 15:35:45', '2026-04-11 15:35:45'),
	(747, 2, 86, 'ցրո', 'зро', 'zro', 'active', '2026-04-11 15:35:45', '2026-04-11 15:35:45'),
	(748, 2, 87, 'մեկ', 'мэк', 'mek', 'active', '2026-04-11 15:35:45', '2026-04-11 15:35:45'),
	(749, 2, 88, 'երկու', 'ерку', 'erku', 'active', '2026-04-11 15:35:45', '2026-04-11 15:35:45'),
	(750, 2, 89, 'երեք', 'ерек', 'erek', 'active', '2026-04-11 15:35:45', '2026-04-11 15:35:45'),
	(751, 2, 90, 'չորս', 'чорс', 'chors', 'active', '2026-04-11 15:35:45', '2026-04-11 15:35:45'),
	(752, 2, 91, 'հինգ', 'хинг', 'hing', 'active', '2026-04-11 15:35:45', '2026-04-11 15:35:45'),
	(753, 2, 92, 'վեց', 'вэц', 'vets', 'active', '2026-04-11 15:35:45', '2026-04-11 15:35:45'),
	(754, 2, 93, 'յոթ', 'йот', 'jot', 'active', '2026-04-11 15:35:45', '2026-04-11 15:35:45'),
	(755, 2, 94, 'ութ', 'ут', 'ut', 'active', '2026-04-11 15:35:45', '2026-04-11 15:35:45'),
	(756, 2, 95, 'ինը', 'ины', 'iny', 'active', '2026-04-11 15:35:45', '2026-04-11 15:35:45'),
	(757, 2, 96, 'տասը', 'тасы', 'tasy', 'active', '2026-04-11 15:35:45', '2026-04-11 15:35:45'),
	(758, 2, 97, 'գույն', 'гуйн', 'gujn', 'active', '2026-04-11 15:35:45', '2026-04-11 15:35:45'),
	(759, 2, 98, 'սպիտակ', 'спитак', 'spitak', 'active', '2026-04-11 15:35:45', '2026-04-11 15:35:45'),
	(760, 2, 99, 'սև', 'сэв', 'sev', 'active', '2026-04-11 15:35:45', '2026-04-11 15:35:45'),
	(761, 2, 100, 'մոխրագույն', 'мохрагуйн', 'mohragujn', 'active', '2026-04-11 15:35:45', '2026-04-11 15:35:45'),
	(762, 2, 101, 'կարմիր', 'кармир', 'karmir', 'active', '2026-04-11 15:35:45', '2026-04-11 15:35:45'),
	(763, 2, 102, 'նարնջագույն', 'нарнджагуйн', 'narndzhagujn', 'active', '2026-04-11 15:35:45', '2026-04-11 15:35:45'),
	(764, 2, 103, 'դեղին', 'дэхин', 'dehin', 'active', '2026-04-11 15:35:45', '2026-04-11 15:35:45'),
	(765, 2, 104, 'կանաչ', 'канач', 'kanach', 'active', '2026-04-11 15:35:45', '2026-04-11 15:35:45'),
	(766, 2, 105, 'կապույտ', 'капуйт', 'kapujt', 'active', '2026-04-11 15:35:45', '2026-04-11 15:35:45'),
	(767, 2, 106, 'երկնագույն', 'еркнагуйн', 'erknagujn', 'active', '2026-04-11 15:35:45', '2026-04-11 15:35:45'),
	(768, 2, 107, 'վարդագույն', 'вартагуйн', 'vartagujn', 'active', '2026-04-11 15:35:45', '2026-04-11 15:35:45'),
	(769, 2, 108, 'մանուշակագույն', 'манушакагуйн', 'manushakagujn', 'active', '2026-04-11 15:35:45', '2026-04-11 15:35:45'),
	(770, 2, 109, 'շագանակագույն', 'шаганакагуйн', 'shaganakagujn', 'active', '2026-04-11 15:35:45', '2026-04-11 15:35:45'),
	(771, 2, 110, 'ուղղություն', 'ухуцюн', 'uhutsyun', 'active', '2026-04-11 15:35:45', '2026-04-11 15:35:45'),
	(772, 2, 111, 'ձախ', 'дзах', 'dzah', 'active', '2026-04-11 15:35:45', '2026-04-11 15:35:45'),
	(773, 2, 112, 'աջ', 'адж', 'adzh', 'active', '2026-04-11 15:35:45', '2026-04-11 15:35:45'),
	(774, 2, 113, 'առաջ', 'арадж', 'aradzh', 'active', '2026-04-11 15:35:45', '2026-04-11 15:35:45'),
	(775, 2, 114, 'հետ', 'хэт', 'het', 'active', '2026-04-11 15:35:45', '2026-04-11 15:35:45'),
	(776, 2, 115, 'վեր', 'вер', 'ver', 'active', '2026-04-11 15:35:45', '2026-04-11 15:35:45'),
	(777, 2, 116, 'վայր', 'вайр', 'vajr', 'active', '2026-04-11 15:35:45', '2026-04-11 15:35:45'),
	(778, 2, 117, 'ընտանիք', 'энтаник', 'entanik', 'active', '2026-04-11 15:35:45', '2026-04-11 15:35:45'),
	(779, 2, 118, 'սեր', 'сер', 'ser', 'active', '2026-04-11 15:35:45', '2026-04-11 15:35:45'),
	(780, 2, 119, 'տղամարդ', 'тгхамарт', 'tkhamart', 'active', '2026-04-11 15:35:45', '2026-04-11 15:35:45'),
	(781, 2, 120, 'կին', 'кин', 'kin', 'active', '2026-04-11 15:35:45', '2026-04-11 15:35:45'),
	(782, 2, 121, 'ամուսին', 'амусин', 'amusin', 'active', '2026-04-11 15:35:45', '2026-04-11 15:35:45'),
	(783, 2, 122, 'կին', 'кин', 'kin', 'active', '2026-04-11 15:35:45', '2026-04-11 15:35:45'),
	(784, 2, 123, 'երեխա', 'ереха', 'ereha', 'active', '2026-04-11 15:35:45', '2026-04-11 15:35:45'),
	(785, 2, 124, 'տղա', 'тха', 'tkha', 'active', '2026-04-11 15:35:45', '2026-04-11 15:35:45'),
	(786, 2, 125, 'աղջիկ', 'ахджик', 'ahdzhik', 'active', '2026-04-11 15:35:45', '2026-04-11 15:35:45'),
	(787, 2, 126, 'ծնողներ', 'цнохнер', 'tsnohner', 'active', '2026-04-11 15:35:45', '2026-04-11 15:35:45'),
	(788, 2, 127, 'մայր', 'майрь', 'majr', 'active', '2026-04-11 15:35:45', '2026-04-11 15:35:45'),
	(789, 2, 128, 'հայր', 'хайрь', 'hajr', 'active', '2026-04-11 15:35:45', '2026-04-11 15:35:45'),
	(790, 2, 129, 'եղբայր', 'ахпер', 'ahper', 'active', '2026-04-11 15:35:45', '2026-04-11 15:35:45'),
	(791, 2, 130, 'քույր', 'куйр', 'kujr', 'active', '2026-04-11 15:35:45', '2026-04-11 15:35:45'),
	(792, 2, 131, 'որդի', 'ворти', 'vorti', 'active', '2026-04-11 15:35:45', '2026-04-11 15:35:45'),
	(793, 2, 132, 'դուստր', 'дустр', 'dustr', 'active', '2026-04-11 15:35:45', '2026-04-11 15:35:45');

-- Дамп структуры для таблица langme2.migrations
CREATE TABLE IF NOT EXISTS `migrations` (
  `id` int unsigned NOT NULL AUTO_INCREMENT,
  `migration` varchar(255) CHARACTER SET utf8mb4 COLLATE utf8mb4_unicode_ci NOT NULL,
  `batch` int NOT NULL,
  PRIMARY KEY (`id`)
) ENGINE=InnoDB AUTO_INCREMENT=19 DEFAULT CHARSET=utf8mb4 COLLATE=utf8mb4_unicode_ci;

-- Дамп данных таблицы langme2.migrations: ~16 rows (приблизительно)
INSERT INTO `migrations` (`id`, `migration`, `batch`) VALUES
	(1, '2014_10_12_000000_create_users_table', 1),
	(2, '2014_10_12_100000_create_password_reset_tokens_table', 1),
	(3, '2019_08_19_000000_create_failed_jobs_table', 1),
	(4, '2019_12_14_000001_create_personal_access_tokens_table', 1),
	(5, '2026_02_23_111336_create_langs_table', 2),
	(6, '2026_02_23_111423_create_modes_table', 2),
	(7, '2026_02_23_111508_create_patterns_table', 2),
	(8, '2026_02_23_111541_create_lexicons_table', 2),
	(9, '2026_02_23_111614_create_themes_table', 2),
	(10, '2026_02_23_111648_create_words_table', 2),
	(11, '2026_02_23_111717_create_tasks_table', 2),
	(12, '2026_03_02_100356_create_word_has_themes_table', 3),
	(13, '2026_03_02_112404_create_lang_has_tasks_table', 4),
	(14, '2026_03_02_115240_create_theme_has_tasks_table', 5),
	(15, '2026_04_08_070856_create_word_theme_view', 6),
	(16, '2026_04_13_142202_create_import_logs_table', 7),
	(17, '2026_04_25_085226_add_is_admin_column_to_users_table', 8),
	(18, '2026_04_25_180309_change_column_type_is_admin_in_users_table', 9);

-- Дамп структуры для таблица langme2.modes
CREATE TABLE IF NOT EXISTS `modes` (
  `id` bigint unsigned NOT NULL AUTO_INCREMENT,
  `code` int NOT NULL,
  `title` varchar(10) CHARACTER SET utf8mb4 COLLATE utf8mb4_unicode_ci NOT NULL,
  `description` text CHARACTER SET utf8mb4 COLLATE utf8mb4_unicode_ci,
  `status` enum('draft','active','blocked','close') CHARACTER SET utf8mb4 COLLATE utf8mb4_unicode_ci NOT NULL,
  `created_at` timestamp NULL DEFAULT NULL,
  `updated_at` timestamp NULL DEFAULT NULL,
  PRIMARY KEY (`id`)
) ENGINE=InnoDB AUTO_INCREMENT=7 DEFAULT CHARSET=utf8mb4 COLLATE=utf8mb4_unicode_ci;

-- Дамп данных таблицы langme2.modes: ~6 rows (приблизительно)
INSERT INTO `modes` (`id`, `code`, `title`, `description`, `status`, `created_at`, `updated_at`) VALUES
	(1, 1, 'Plain', 'Plain visualization of words by themes on selected languages', 'active', '2026-02-26 16:58:54', '2026-02-26 16:58:54'),
	(2, 2, 'Choice', 'Choosing the right translation for each selected languages', 'active', '2026-02-26 16:58:54', '2026-02-26 16:58:54'),
	(3, 3, 'Lang', 'Choosing the right language for spelling translation', 'active', '2026-02-26 16:58:54', '2026-02-26 16:58:54'),
	(4, 4, 'Mix', 'Choosing the correct spelling translation for a given language', 'active', '2026-02-26 16:58:54', '2026-02-26 16:58:54'),
	(5, 5, 'Memo', 'Memo word cards for one selected language', 'draft', '2026-02-26 16:58:54', '2026-02-26 16:58:54'),
	(6, 8, 'test edit', 'test description mode edit', 'draft', '2026-03-02 18:38:29', '2026-03-02 18:50:04');

-- Дамп структуры для таблица langme2.password_reset_tokens
CREATE TABLE IF NOT EXISTS `password_reset_tokens` (
  `email` varchar(255) CHARACTER SET utf8mb4 COLLATE utf8mb4_unicode_ci NOT NULL,
  `token` varchar(255) CHARACTER SET utf8mb4 COLLATE utf8mb4_unicode_ci NOT NULL,
  `created_at` timestamp NULL DEFAULT NULL,
  PRIMARY KEY (`email`)
) ENGINE=InnoDB DEFAULT CHARSET=utf8mb4 COLLATE=utf8mb4_unicode_ci;

-- Дамп данных таблицы langme2.password_reset_tokens: ~0 rows (приблизительно)

-- Дамп структуры для таблица langme2.patterns
CREATE TABLE IF NOT EXISTS `patterns` (
  `id` bigint unsigned NOT NULL AUTO_INCREMENT,
  `lang_id` bigint NOT NULL,
  `title` varchar(100) CHARACTER SET utf8mb4 COLLATE utf8mb4_unicode_ci NOT NULL,
  `description` text CHARACTER SET utf8mb4 COLLATE utf8mb4_unicode_ci,
  `status` enum('draft','active','blocked','close') CHARACTER SET utf8mb4 COLLATE utf8mb4_unicode_ci NOT NULL,
  `created_at` timestamp NULL DEFAULT NULL,
  `updated_at` timestamp NULL DEFAULT NULL,
  PRIMARY KEY (`id`)
) ENGINE=InnoDB AUTO_INCREMENT=10 DEFAULT CHARSET=utf8mb4 COLLATE=utf8mb4_unicode_ci;

-- Дамп данных таблицы langme2.patterns: ~9 rows (приблизительно)
INSERT INTO `patterns` (`id`, `lang_id`, `title`, `description`, `status`, `created_at`, `updated_at`) VALUES
	(1, 2, 'Pattern Eng. v.1.0', 'English pattern active in App', 'active', '2026-02-26 17:14:01', '2026-02-26 17:14:01'),
	(2, 3, 'Pattern Arm. v.1.0', 'Armenian pattern active in App', 'active', '2026-02-26 17:14:01', '2026-02-26 17:14:01'),
	(3, 4, 'Pattern Gre. v.1.0', 'Greek pattern active in App', 'active', '2026-02-26 17:14:01', '2026-02-26 17:14:01'),
	(4, 5, 'Pattern Fin. v.1.0', 'Finnish pattern active in App', 'active', '2026-02-26 17:14:01', '2026-02-26 17:14:01'),
	(5, 6, 'Pattern Lav. v.1.0', 'Latvian pattern active in App', 'active', '2026-02-26 17:14:01', '2026-02-26 17:14:01'),
	(6, 7, 'Pattern Ser. v.0.1', 'Serbian pattern draft for App', 'draft', '2026-02-26 17:14:01', '2026-02-26 17:14:01'),
	(7, 2, 'Pattern Eng. v.1.1', 'English pattern draft for App', 'draft', '2026-02-26 17:14:01', '2026-02-26 17:14:01'),
	(8, 3, 'Pattern Arm. v.1.1', 'Armenian pattern draft for App', 'draft', '2026-02-26 17:14:01', '2026-02-26 17:14:01'),
	(9, 1, 'Pattern Rus. v.1.0', 'Russian pattern active in App', 'active', '2026-03-05 09:10:11', '2026-04-08 12:44:11');

-- Дамп структуры для таблица langme2.personal_access_tokens
CREATE TABLE IF NOT EXISTS `personal_access_tokens` (
  `id` bigint unsigned NOT NULL AUTO_INCREMENT,
  `tokenable_type` varchar(255) CHARACTER SET utf8mb4 COLLATE utf8mb4_unicode_ci NOT NULL,
  `tokenable_id` bigint unsigned NOT NULL,
  `name` varchar(255) CHARACTER SET utf8mb4 COLLATE utf8mb4_unicode_ci NOT NULL,
  `token` varchar(64) CHARACTER SET utf8mb4 COLLATE utf8mb4_unicode_ci NOT NULL,
  `abilities` text CHARACTER SET utf8mb4 COLLATE utf8mb4_unicode_ci,
  `last_used_at` timestamp NULL DEFAULT NULL,
  `expires_at` timestamp NULL DEFAULT NULL,
  `created_at` timestamp NULL DEFAULT NULL,
  `updated_at` timestamp NULL DEFAULT NULL,
  PRIMARY KEY (`id`),
  UNIQUE KEY `personal_access_tokens_token_unique` (`token`),
  KEY `personal_access_tokens_tokenable_type_tokenable_id_index` (`tokenable_type`,`tokenable_id`)
) ENGINE=InnoDB DEFAULT CHARSET=utf8mb4 COLLATE=utf8mb4_unicode_ci;

-- Дамп данных таблицы langme2.personal_access_tokens: ~0 rows (приблизительно)

-- Дамп структуры для таблица langme2.tasks
CREATE TABLE IF NOT EXISTS `tasks` (
  `id` bigint unsigned NOT NULL AUTO_INCREMENT,
  `mode_id` bigint NOT NULL,
  `num_enjoy` int DEFAULT NULL,
  `num_normal` int DEFAULT NULL,
  `num_worry` int DEFAULT NULL,
  `status` enum('draft','active','blocked','close') CHARACTER SET utf8mb4 COLLATE utf8mb4_unicode_ci NOT NULL,
  `created_at` timestamp NULL DEFAULT NULL,
  `updated_at` timestamp NULL DEFAULT NULL,
  PRIMARY KEY (`id`)
) ENGINE=InnoDB AUTO_INCREMENT=22 DEFAULT CHARSET=utf8mb4 COLLATE=utf8mb4_unicode_ci;

-- Дамп данных таблицы langme2.tasks: ~20 rows (приблизительно)
INSERT INTO `tasks` (`id`, `mode_id`, `num_enjoy`, `num_normal`, `num_worry`, `status`, `created_at`, `updated_at`) VALUES
	(1, 2, 35, 0, 53, 'draft', '2026-02-26 17:27:30', '2026-02-26 17:27:30'),
	(2, 2, 64, 0, 81, 'draft', '2026-02-26 17:27:30', '2026-02-26 17:27:30'),
	(3, 5, 25, 0, 1, 'draft', '2026-02-26 17:27:30', '2026-02-26 17:27:30'),
	(4, 3, 11, 0, 90, 'draft', '2026-02-26 17:27:30', '2026-02-26 17:27:30'),
	(5, 1, 38, 0, 86, 'draft', '2026-02-26 17:27:30', '2026-02-26 17:27:30'),
	(6, 1, 36, 0, 19, 'draft', '2026-02-26 17:27:30', '2026-02-26 17:27:30'),
	(7, 4, 77, 0, 7, 'draft', '2026-02-26 17:27:30', '2026-02-26 17:27:30'),
	(8, 1, 47, 0, 61, 'draft', '2026-02-26 17:27:30', '2026-02-26 17:27:30'),
	(9, 3, 31, 0, 56, 'draft', '2026-02-26 17:27:30', '2026-02-26 17:27:30'),
	(10, 4, 2, 0, 45, 'draft', '2026-02-26 17:27:30', '2026-02-26 17:27:30'),
	(11, 2, 45, 0, 2, 'draft', '2026-02-26 17:27:31', '2026-02-26 17:27:31'),
	(12, 2, 67, 0, 12, 'active', '2026-02-26 17:27:32', '2026-02-26 17:27:32'),
	(13, 3, 123, 0, 21, 'active', '2026-03-01 21:07:50', '2026-03-01 21:07:50'),
	(14, 2, 145, 0, 31, 'active', '2026-03-01 21:07:50', '2026-03-01 21:07:50'),
	(15, 1, 213, 0, 3, 'draft', '0000-00-00 00:00:00', '0000-00-00 00:00:00'),
	(16, 3, 87, 0, 24, 'draft', '0000-00-00 00:00:00', '0000-00-00 00:00:00'),
	(17, 1, 325, 0, 5, 'active', '2026-03-01 21:12:52', '2026-03-01 21:12:52'),
	(18, 4, 233, 0, 54, 'active', '2026-03-01 21:12:52', '2026-03-01 21:12:52'),
	(19, 6, 333, NULL, 111, 'active', '2026-03-05 11:44:00', '2026-03-05 11:44:00'),
	(21, 1, 555, 33, 44, 'close', '2026-03-05 11:46:29', '2026-03-05 12:01:11');

-- Дамп структуры для таблица langme2.theme_has_tasks
CREATE TABLE IF NOT EXISTS `theme_has_tasks` (
  `task_id` bigint unsigned NOT NULL,
  `theme_id` bigint unsigned NOT NULL,
  KEY `theme_has_tasks_task_id_foreign` (`task_id`),
  KEY `theme_has_tasks_theme_id_foreign` (`theme_id`),
  CONSTRAINT `theme_has_tasks_task_id_foreign` FOREIGN KEY (`task_id`) REFERENCES `tasks` (`id`) ON DELETE CASCADE ON UPDATE CASCADE,
  CONSTRAINT `theme_has_tasks_theme_id_foreign` FOREIGN KEY (`theme_id`) REFERENCES `themes` (`id`) ON DELETE CASCADE ON UPDATE CASCADE
) ENGINE=InnoDB DEFAULT CHARSET=utf8mb4 COLLATE=utf8mb4_unicode_ci;

-- Дамп данных таблицы langme2.theme_has_tasks: ~37 rows (приблизительно)
INSERT INTO `theme_has_tasks` (`task_id`, `theme_id`) VALUES
	(1, 7),
	(1, 6),
	(2, 14),
	(2, 13),
	(2, 12),
	(2, 8),
	(3, 13),
	(3, 7),
	(4, 7),
	(4, 6),
	(4, 5),
	(5, 16),
	(6, 6),
	(6, 16),
	(7, 12),
	(8, 7),
	(8, 8),
	(9, 13),
	(10, 14),
	(11, 7),
	(11, 16),
	(12, 13),
	(13, 16),
	(14, 5),
	(14, 6),
	(14, 16),
	(15, 5),
	(15, 6),
	(15, 7),
	(15, 8),
	(15, 16),
	(16, 13),
	(17, 16),
	(18, 14),
	(19, 16),
	(19, 17),
	(21, 17);

-- Дамп структуры для таблица langme2.theme_has_words
CREATE TABLE IF NOT EXISTS `theme_has_words` (
  `word_id` bigint unsigned NOT NULL,
  `theme_id` bigint unsigned NOT NULL,
  KEY `theme_has_words_word_id_foreign` (`word_id`),
  KEY `theme_has_words_theme_id_foreign` (`theme_id`),
  CONSTRAINT `theme_has_words_theme_id_foreign` FOREIGN KEY (`theme_id`) REFERENCES `themes` (`id`) ON DELETE CASCADE ON UPDATE CASCADE,
  CONSTRAINT `theme_has_words_word_id_foreign` FOREIGN KEY (`word_id`) REFERENCES `words` (`id`) ON DELETE CASCADE ON UPDATE CASCADE
) ENGINE=InnoDB DEFAULT CHARSET=utf8mb4 COLLATE=utf8mb4_unicode_ci;

-- Дамп данных таблицы langme2.theme_has_words: ~162 rows (приблизительно)
INSERT INTO `theme_has_words` (`word_id`, `theme_id`) VALUES
	(1, 5),
	(2, 5),
	(3, 5),
	(4, 5),
	(5, 5),
	(21, 5),
	(21, 13),
	(22, 5),
	(22, 13),
	(23, 5),
	(23, 13),
	(24, 5),
	(24, 13),
	(25, 5),
	(25, 13),
	(26, 5),
	(26, 13),
	(27, 5),
	(27, 16),
	(28, 5),
	(28, 16),
	(6, 6),
	(7, 6),
	(8, 6),
	(9, 6),
	(10, 6),
	(11, 7),
	(12, 7),
	(11, 12),
	(12, 12),
	(13, 7),
	(14, 7),
	(15, 7),
	(16, 7),
	(17, 7),
	(18, 7),
	(19, 7),
	(20, 7),
	(29, 7),
	(30, 7),
	(31, 7),
	(32, 7),
	(33, 8),
	(35, 8),
	(36, 8),
	(37, 8),
	(38, 8),
	(39, 8),
	(40, 8),
	(41, 8),
	(42, 12),
	(43, 12),
	(44, 12),
	(45, 12),
	(46, 12),
	(47, 12),
	(48, 12),
	(49, 12),
	(50, 13),
	(51, 13),
	(52, 13),
	(54, 13),
	(53, 13),
	(55, 13),
	(56, 13),
	(57, 13),
	(58, 13),
	(59, 13),
	(60, 13),
	(61, 13),
	(62, 13),
	(63, 13),
	(64, 13),
	(65, 14),
	(66, 14),
	(67, 14),
	(68, 14),
	(69, 14),
	(70, 14),
	(71, 14),
	(71, 13),
	(72, 14),
	(73, 14),
	(74, 14),
	(75, 14),
	(50, 14),
	(76, 16),
	(77, 16),
	(78, 16),
	(79, 16),
	(80, 16),
	(81, 16),
	(82, 16),
	(83, 16),
	(84, 16),
	(85, 3),
	(86, 3),
	(87, 3),
	(88, 3),
	(89, 3),
	(90, 3),
	(91, 3),
	(92, 3),
	(93, 3),
	(94, 3),
	(95, 3),
	(96, 3),
	(97, 4),
	(98, 4),
	(99, 4),
	(100, 4),
	(101, 4),
	(102, 4),
	(103, 4),
	(104, 4),
	(105, 4),
	(106, 4),
	(107, 4),
	(108, 4),
	(109, 4),
	(110, 10),
	(111, 10),
	(112, 10),
	(113, 10),
	(114, 10),
	(115, 10),
	(116, 10),
	(117, 15),
	(118, 15),
	(119, 15),
	(120, 15),
	(121, 15),
	(122, 15),
	(123, 15),
	(124, 15),
	(125, 15),
	(126, 15),
	(127, 15),
	(128, 15),
	(129, 15),
	(130, 15),
	(131, 15),
	(132, 15),
	(133, 2),
	(134, 2),
	(135, 2),
	(136, 2),
	(137, 2),
	(138, 2),
	(139, 2),
	(140, 2),
	(141, 2),
	(142, 2),
	(143, 2),
	(144, 2),
	(145, 2),
	(146, 2),
	(147, 2),
	(148, 2),
	(149, 2),
	(150, 2),
	(151, 2);

-- Дамп структуры для таблица langme2.themes
CREATE TABLE IF NOT EXISTS `themes` (
  `id` bigint unsigned NOT NULL AUTO_INCREMENT,
  `code` int NOT NULL,
  `title` varchar(100) CHARACTER SET utf8mb4 COLLATE utf8mb4_unicode_ci NOT NULL,
  `title_base` varchar(100) CHARACTER SET utf8mb4 COLLATE utf8mb4_unicode_ci NOT NULL,
  `description` text CHARACTER SET utf8mb4 COLLATE utf8mb4_unicode_ci,
  `status` enum('draft','active','blocked','close') CHARACTER SET utf8mb4 COLLATE utf8mb4_unicode_ci NOT NULL,
  `created_at` timestamp NULL DEFAULT NULL,
  `updated_at` timestamp NULL DEFAULT NULL,
  PRIMARY KEY (`id`)
) ENGINE=InnoDB AUTO_INCREMENT=18 DEFAULT CHARSET=utf8mb4 COLLATE=utf8mb4_unicode_ci;

-- Дамп данных таблицы langme2.themes: ~17 rows (приблизительно)
INSERT INTO `themes` (`id`, `code`, `title`, `title_base`, `description`, `status`, `created_at`, `updated_at`) VALUES
	(1, 1, 'Communication', 'Общение', 'Words related Communication theme', 'draft', '2026-02-26 17:03:43', '2026-02-26 17:03:43'),
	(2, 2, 'Pronouns', 'Местоимения', 'Words related Pronouns theme', 'draft', '2026-02-26 17:03:43', '2026-02-26 17:03:43'),
	(3, 3, 'Numbers', 'Числа', 'Words related Numbers theme', 'active', '2026-02-26 17:03:43', '2026-04-10 18:25:40'),
	(4, 4, 'Colors', 'Цвета', 'Words related Colors theme', 'active', '2026-02-26 17:03:43', '2026-04-10 18:26:01'),
	(5, 5, 'World sides', 'Стороны света', 'Words related World sides theme', 'active', '2026-02-26 17:03:43', '2026-02-26 17:03:43'),
	(6, 6, 'Seasons', 'Времена года', 'Words related Seasons theme', 'active', '2026-02-26 17:03:43', '2026-02-26 17:03:43'),
	(7, 7, 'Months', 'Месяцы года', 'Words related Months theme', 'active', '2026-02-26 17:03:43', '2026-02-26 17:03:43'),
	(8, 8, 'Weekdays', 'Дни недели', 'Words related Weekdays theme', 'active', '2026-02-26 17:03:43', '2026-02-26 17:03:43'),
	(9, 9, 'Sizes', 'Размеры', 'Words related Sizes theme', 'draft', '2026-02-26 17:03:43', '2026-02-26 17:03:43'),
	(10, 10, 'Directions', 'Направления', 'Words related Directions theme', 'active', '2026-02-26 17:03:43', '2026-04-10 18:26:27'),
	(11, 11, 'Figures and Forms', 'Фигуры и формы', 'Words related Figures and Forms theme', 'draft', '2026-03-01 14:09:58', '2026-03-01 14:10:00'),
	(12, 12, 'Time', 'Время', 'Words related Time theme', 'active', '2026-03-01 14:12:37', '2026-03-01 14:12:39'),
	(13, 13, 'Countries', 'Страны', 'Words related Countries theme', 'active', '2026-03-01 14:13:59', '2026-03-01 14:14:00'),
	(14, 14, 'Personal data', 'Личные данные', 'Words related Personal data theme', 'active', '2026-03-01 14:20:01', '2026-03-01 14:20:02'),
	(15, 15, 'Family', 'Семья', 'Words related Family data theme', 'active', '2026-03-01 14:21:59', '2026-04-10 18:26:55'),
	(16, 16, 'Nature', 'Природа', 'Words related Nature data theme', 'active', '2026-03-01 14:22:42', '2026-04-10 18:30:18'),
	(17, 24, 'Weather', 'Погода', 'Words related Weather data theme', 'draft', '2026-03-02 19:47:04', '2026-04-10 18:29:48');

-- Дамп структуры для таблица langme2.users
CREATE TABLE IF NOT EXISTS `users` (
  `id` bigint unsigned NOT NULL AUTO_INCREMENT,
  `is_admin` enum('admin','guest') COLLATE utf8mb4_unicode_ci NOT NULL DEFAULT 'guest',
  `name` varchar(255) CHARACTER SET utf8mb4 COLLATE utf8mb4_unicode_ci NOT NULL,
  `email` varchar(255) CHARACTER SET utf8mb4 COLLATE utf8mb4_unicode_ci NOT NULL,
  `email_verified_at` timestamp NULL DEFAULT NULL,
  `password` varchar(255) CHARACTER SET utf8mb4 COLLATE utf8mb4_unicode_ci NOT NULL,
  `remember_token` varchar(100) CHARACTER SET utf8mb4 COLLATE utf8mb4_unicode_ci DEFAULT NULL,
  `created_at` timestamp NULL DEFAULT NULL,
  `updated_at` timestamp NULL DEFAULT NULL,
  PRIMARY KEY (`id`),
  UNIQUE KEY `users_email_unique` (`email`)
) ENGINE=InnoDB AUTO_INCREMENT=3 DEFAULT CHARSET=utf8mb4 COLLATE=utf8mb4_unicode_ci;

-- Дамп данных таблицы langme2.users: ~2 rows (приблизительно)
INSERT INTO `users` (`id`, `is_admin`, `name`, `email`, `email_verified_at`, `password`, `remember_token`, `created_at`, `updated_at`) VALUES
	(1, 'admin', 'Administrator', 'avb_2@mail.ru', NULL, '12345678', NULL, '2026-04-25 12:17:45', '2026-04-25 12:17:50'),
	(2, 'guest', 'Vasya', 'test.test@example.co', NULL, '$2y$12$3H4pTdqDVnmbSLYi8HuFe.1haKDAS5R9IA0gSvkby.z6EMobuu2e6', NULL, '2026-04-25 19:16:43', '2026-04-25 19:34:09');

-- Дамп структуры для представление langme2.word_theme_view
-- Создание временной таблицы для обработки ошибок зависимостей представлений
CREATE TABLE `word_theme_view` (
	`word_id` BIGINT UNSIGNED NOT NULL,
	`word_title` VARCHAR(1) NOT NULL COLLATE 'utf8mb4_unicode_ci',
	`theme_id` BIGINT UNSIGNED NOT NULL,
	`theme_title` VARCHAR(1) NOT NULL COLLATE 'utf8mb4_unicode_ci'
);

-- Дамп структуры для таблица langme2.words
CREATE TABLE IF NOT EXISTS `words` (
  `id` bigint unsigned NOT NULL AUTO_INCREMENT,
  `code` int NOT NULL,
  `title` varchar(100) CHARACTER SET utf8mb4 COLLATE utf8mb4_unicode_ci NOT NULL,
  `status` enum('draft','active','blocked','close') CHARACTER SET utf8mb4 COLLATE utf8mb4_unicode_ci NOT NULL,
  `created_at` timestamp NULL DEFAULT NULL,
  `updated_at` timestamp NULL DEFAULT NULL,
  PRIMARY KEY (`id`)
) ENGINE=InnoDB AUTO_INCREMENT=152 DEFAULT CHARSET=utf8mb4 COLLATE=utf8mb4_unicode_ci;

-- Дамп данных таблицы langme2.words: ~151 rows (приблизительно)
INSERT INTO `words` (`id`, `code`, `title`, `status`, `created_at`, `updated_at`) VALUES
	(1, 130, 'стороны света', 'active', '2026-02-26 17:08:30', '2026-02-26 17:08:30'),
	(2, 131, 'Север', 'active', '2026-02-26 17:08:30', '2026-02-26 17:08:30'),
	(3, 132, 'Юг', 'active', '2026-02-26 17:08:30', '2026-02-26 17:08:30'),
	(4, 133, 'Запад', 'active', '2026-02-26 17:08:30', '2026-02-26 17:08:30'),
	(5, 134, 'Восток', 'active', '2026-02-26 17:08:30', '2026-02-26 17:08:30'),
	(6, 143, 'время года', 'active', '2026-02-26 17:08:30', '2026-02-26 17:08:30'),
	(7, 144, 'весна', 'active', '2026-02-26 17:08:30', '2026-02-26 17:08:30'),
	(8, 145, 'лето', 'active', '2026-02-26 17:08:30', '2026-02-26 17:08:30'),
	(9, 146, 'осень', 'active', '2026-02-26 17:08:30', '2026-02-26 17:08:30'),
	(10, 147, 'зима', 'active', '2026-02-26 17:08:30', '2026-02-26 17:08:30'),
	(11, 148, 'год', 'active', '2026-02-26 17:08:30', '2026-02-26 17:08:30'),
	(12, 149, 'месяц', 'active', '2026-02-26 17:08:30', '2026-02-26 17:08:30'),
	(13, 150, 'Январь', 'active', '2026-02-26 17:08:30', '2026-02-26 17:08:30'),
	(14, 151, 'Февраль', 'active', '2026-02-26 17:08:30', '2026-02-26 17:08:30'),
	(15, 152, 'Март', 'active', '2026-02-26 17:08:30', '2026-02-26 17:08:30'),
	(16, 153, 'Апрель', 'active', '2026-02-26 17:08:30', '2026-02-26 17:08:30'),
	(17, 154, 'Май', 'active', '2026-02-26 17:08:30', '2026-02-26 17:08:30'),
	(18, 155, 'Июнь', 'active', '2026-02-26 17:08:30', '2026-02-26 17:08:30'),
	(19, 156, 'Июль', 'active', '2026-02-26 17:08:30', '2026-02-26 17:08:30'),
	(20, 157, 'Август', 'active', '2026-02-26 17:08:30', '2026-02-26 17:08:30'),
	(21, 135, 'Европа', 'active', '2026-03-01 14:24:11', '2026-03-01 14:24:12'),
	(22, 136, 'Азия', 'active', '2026-03-01 14:24:49', '2026-03-01 14:24:50'),
	(23, 137, 'Африка', 'active', '2026-03-01 14:25:19', '2026-03-01 14:25:21'),
	(24, 138, 'Северная Америка', 'active', '2026-03-01 14:26:00', '2026-03-01 14:26:01'),
	(25, 139, 'Южная Америка', 'active', '2026-03-01 14:26:30', '2026-03-01 14:26:33'),
	(26, 140, 'Австралия', 'active', '2026-03-01 14:27:03', '2026-03-01 14:27:05'),
	(27, 141, 'Арктика', 'active', '2026-03-01 14:28:42', '2026-03-01 14:28:43'),
	(28, 142, 'Антарктида', 'active', '2026-03-01 14:29:22', '2026-03-01 14:29:24'),
	(29, 158, 'Сентябрь', 'active', '2026-03-01 14:30:34', '2026-03-01 14:30:36'),
	(30, 159, 'Октябрь', 'active', '2026-03-01 14:31:00', '2026-03-01 14:31:02'),
	(31, 160, 'Ноябрь', 'active', '2026-03-01 14:31:44', '2026-03-01 14:31:45'),
	(32, 161, 'Декабрь', 'active', '2026-03-01 14:32:09', '2026-03-01 14:32:10'),
	(33, 162, 'неделя', 'active', '2026-03-01 14:32:39', '2026-03-01 14:32:40'),
	(34, 163, 'день недели', 'active', '2026-03-01 14:33:15', '2026-03-01 14:33:16'),
	(35, 164, 'Понедельник', 'active', '2026-03-01 14:33:43', '2026-03-01 14:33:45'),
	(36, 165, 'Вторник', 'active', '2026-03-01 14:34:12', '2026-03-01 14:34:13'),
	(37, 166, 'Среда', 'active', '2026-03-01 14:34:33', '2026-03-01 14:34:35'),
	(38, 167, 'Четверг', 'active', '2026-03-01 14:35:01', '2026-03-01 14:35:02'),
	(39, 168, 'Пятница', 'active', '2026-03-01 14:35:23', '2026-03-01 14:35:25'),
	(40, 169, 'Суббота', 'active', '2026-03-01 14:35:51', '2026-03-01 14:35:52'),
	(41, 170, 'Воскресенье', 'active', '2026-03-01 14:36:14', '2026-03-01 14:36:15'),
	(42, 248, 'время', 'active', '2026-03-01 14:41:09', '2026-03-01 14:41:11'),
	(43, 249, 'дата', 'active', '2026-03-01 14:41:34', '2026-03-01 14:41:35'),
	(44, 250, 'календарь', 'active', '2026-03-01 14:41:59', '2026-03-01 14:42:00'),
	(45, 251, 'часы', 'active', '2026-03-01 14:43:40', '2026-03-01 14:43:42'),
	(46, 252, 'час', 'active', '2026-03-01 14:44:05', '2026-03-01 14:44:06'),
	(47, 253, 'минута', 'active', '2026-03-01 14:44:35', '2026-03-01 14:44:36'),
	(48, 254, 'секунда', 'active', '2026-03-01 14:45:01', '2026-03-01 14:45:02'),
	(49, 255, 'день', 'active', '2026-03-01 14:45:27', '2026-03-01 14:45:29'),
	(50, 273, 'страна', 'active', '2026-03-01 14:46:45', '2026-03-01 14:46:46'),
	(51, 274, 'столица', 'active', '2026-03-01 14:47:15', '2026-03-01 14:47:16'),
	(52, 275, 'народ', 'active', '2026-03-01 14:47:37', '2026-03-01 14:47:40'),
	(53, 278, 'государство', 'active', '2026-03-01 14:48:06', '2026-03-01 14:48:07'),
	(54, 277, 'язык', 'active', '2026-03-01 14:48:29', '2026-03-01 14:48:31'),
	(55, 288, 'Армения', 'active', '2026-03-01 14:49:40', '2026-03-01 14:49:42'),
	(56, 289, 'Великобритания', 'active', '2026-03-01 14:50:08', '2026-03-01 14:50:09'),
	(57, 290, 'Венгрия', 'active', '2026-03-01 14:50:32', '2026-03-01 14:50:34'),
	(58, 291, 'Германия', 'active', '2026-03-01 14:50:54', '2026-03-01 14:50:55'),
	(59, 293, 'Греция', 'active', '2026-03-01 14:51:59', '2026-03-01 14:52:01'),
	(60, 297, 'Латвия', 'active', '2026-03-01 14:52:23', '2026-03-01 14:52:25'),
	(61, 300, 'Россия', 'active', '2026-03-01 14:52:48', '2026-03-01 14:52:50'),
	(62, 301, 'Сербия', 'active', '2026-03-01 14:53:19', '2026-03-01 14:53:20'),
	(63, 303, 'Финляндия', 'active', '2026-03-01 14:53:46', '2026-03-01 14:53:47'),
	(64, 304, 'Франция', 'active', '2026-03-01 14:54:08', '2026-03-01 14:54:09'),
	(65, 309, 'личные данные', 'active', '2026-03-01 14:57:28', '2026-03-01 14:57:29'),
	(66, 311, 'анкета', 'active', '2026-03-01 14:57:58', '2026-03-01 14:58:00'),
	(67, 312, 'имя', 'active', '2026-03-01 14:58:49', '2026-03-01 14:58:50'),
	(68, 313, 'фамилия', 'active', '2026-03-01 14:59:10', '2026-03-01 14:59:11'),
	(69, 314, 'дата рождения', 'active', '2026-03-01 14:59:41', '2026-03-01 14:59:42'),
	(70, 315, 'место рождения', 'active', '2026-03-01 15:00:09', '2026-03-01 15:00:11'),
	(71, 316, 'национальность', 'active', '2026-03-01 15:00:44', '2026-03-01 15:00:45'),
	(72, 317, 'место жительства', 'active', '2026-03-01 15:01:23', '2026-03-01 15:01:26'),
	(73, 318, 'адрес', 'active', '2026-03-01 15:02:28', '2026-03-01 15:02:29'),
	(74, 325, 'возраст', 'active', '2026-03-01 15:03:11', '2026-03-01 15:03:13'),
	(75, 326, 'паспорт', 'active', '2026-03-01 15:03:34', '2026-03-01 15:03:35'),
	(76, 358, 'природа', 'active', '2026-03-01 15:04:21', '2026-03-01 15:04:22'),
	(77, 359, 'жизнь', 'active', '2026-03-01 15:04:44', '2026-03-01 15:04:46'),
	(78, 360, 'Земля', 'active', '2026-03-01 15:05:10', '2026-03-01 15:05:11'),
	(79, 361, 'Солнце', 'active', '2026-03-01 15:06:20', '2026-03-01 15:06:23'),
	(80, 362, 'Луна', 'active', '2026-03-01 15:06:44', '2026-03-01 15:06:45'),
	(81, 363, 'космос', 'active', '2026-03-01 15:07:07', '2026-03-01 15:07:08'),
	(82, 364, 'звезда', 'active', '2026-03-01 15:07:29', '2026-03-01 15:07:30'),
	(83, 365, 'планета', 'active', '2026-03-01 15:07:55', '2026-03-01 15:07:56'),
	(84, 366, 'материк', 'active', '2026-03-01 15:08:14', '2026-03-01 15:08:15'),
	(85, 44, 'число', 'active', '2026-03-04 19:02:26', '2026-04-10 18:38:29'),
	(86, 47, 'ноль', 'active', '2026-04-10 18:40:25', '2026-04-10 18:40:25'),
	(87, 48, 'один', 'active', '2026-04-10 18:41:16', '2026-04-10 18:41:16'),
	(88, 49, 'два', 'active', '2026-04-10 18:41:54', '2026-04-10 18:41:54'),
	(89, 50, 'три', 'active', '2026-04-10 18:42:48', '2026-04-10 18:42:48'),
	(90, 51, 'четыре', 'active', '2026-04-10 18:43:41', '2026-04-10 18:43:41'),
	(91, 52, 'пять', 'active', '2026-04-10 18:44:13', '2026-04-10 18:44:13'),
	(92, 53, 'шесть', 'active', '2026-04-10 18:44:56', '2026-04-10 18:44:56'),
	(93, 54, 'семь', 'active', '2026-04-10 18:45:55', '2026-04-10 18:45:55'),
	(94, 55, 'восемь', 'active', '2026-04-10 18:46:40', '2026-04-10 18:46:40'),
	(95, 56, 'девять', 'active', '2026-04-10 18:47:19', '2026-04-10 18:47:19'),
	(96, 57, 'десять', 'active', '2026-04-10 18:48:11', '2026-04-10 18:48:11'),
	(97, 113, 'цвет', 'active', '2026-04-10 18:49:04', '2026-04-10 18:49:04'),
	(98, 114, 'белый', 'active', '2026-04-10 18:49:41', '2026-04-10 18:49:41'),
	(99, 115, 'чёрный', 'active', '2026-04-10 18:50:33', '2026-04-10 18:50:33'),
	(100, 116, 'серый', 'active', '2026-04-10 18:51:13', '2026-04-10 18:51:13'),
	(101, 117, 'красный', 'active', '2026-04-10 18:51:49', '2026-04-10 18:51:49'),
	(102, 118, 'оранжевый', 'active', '2026-04-10 18:52:37', '2026-04-10 18:52:37'),
	(103, 119, 'жёлтый', 'active', '2026-04-10 18:53:17', '2026-04-10 18:53:17'),
	(104, 120, 'зелёный', 'active', '2026-04-10 18:54:05', '2026-04-10 18:54:05'),
	(105, 121, 'синий', 'active', '2026-04-10 18:54:46', '2026-04-10 18:54:46'),
	(106, 122, 'голубой', 'active', '2026-04-10 18:55:59', '2026-04-10 18:55:59'),
	(107, 123, 'розовый', 'active', '2026-04-10 18:56:31', '2026-04-10 18:56:31'),
	(108, 124, 'фиолетовый', 'active', '2026-04-10 18:57:52', '2026-04-10 18:57:52'),
	(109, 125, 'коричневый', 'active', '2026-04-10 18:58:32', '2026-04-10 18:58:32'),
	(110, 200, 'направление', 'active', '2026-04-10 18:59:19', '2026-04-10 18:59:19'),
	(111, 201, 'левый', 'active', '2026-04-10 19:00:09', '2026-04-10 19:00:09'),
	(112, 202, 'правый', 'active', '2026-04-10 19:00:53', '2026-04-10 19:00:53'),
	(113, 203, 'вперёд', 'active', '2026-04-10 19:01:31', '2026-04-10 19:01:31'),
	(114, 204, 'назад', 'active', '2026-04-10 19:02:21', '2026-04-10 19:02:21'),
	(115, 208, 'вверх', 'active', '2026-04-10 19:03:07', '2026-04-10 19:03:07'),
	(116, 209, 'вниз', 'active', '2026-04-10 19:03:43', '2026-04-10 19:03:43'),
	(117, 332, 'семья', 'active', '2026-04-10 19:05:07', '2026-04-10 19:05:07'),
	(118, 333, 'любовь', 'active', '2026-04-10 19:05:47', '2026-04-10 19:05:47'),
	(119, 334, 'мужчина', 'active', '2026-04-10 19:06:25', '2026-04-10 19:06:25'),
	(120, 335, 'женщина', 'active', '2026-04-10 19:07:19', '2026-04-10 19:07:19'),
	(121, 338, 'муж', 'active', '2026-04-10 19:08:20', '2026-04-10 19:08:20'),
	(122, 339, 'жена', 'active', '2026-04-10 19:09:01', '2026-04-10 19:09:01'),
	(123, 340, 'ребёнок', 'active', '2026-04-10 19:10:35', '2026-04-10 19:10:35'),
	(124, 341, 'мальчик', 'active', '2026-04-10 19:11:14', '2026-04-10 19:11:14'),
	(125, 342, 'девочка', 'active', '2026-04-10 19:12:16', '2026-04-10 19:12:16'),
	(126, 343, 'родители', 'active', '2026-04-10 19:13:05', '2026-04-10 19:13:05'),
	(127, 344, 'мать', 'active', '2026-04-10 19:13:47', '2026-04-10 19:13:47'),
	(128, 345, 'отец', 'active', '2026-04-10 19:14:39', '2026-04-10 19:14:39'),
	(129, 350, 'брат', 'active', '2026-04-10 19:15:29', '2026-04-10 19:15:29'),
	(130, 351, 'сестра', 'active', '2026-04-10 19:16:18', '2026-04-10 19:16:18'),
	(131, 352, 'сын', 'active', '2026-04-10 19:17:03', '2026-04-10 19:17:03'),
	(132, 353, 'дочь', 'active', '2026-04-10 19:17:44', '2026-04-10 19:17:44'),
	(133, 25, 'местоимение', 'draft', '2026-04-11 12:57:15', '2026-04-11 12:57:15'),
	(134, 26, 'я', 'draft', '2026-04-11 13:01:25', '2026-04-11 13:01:25'),
	(135, 27, 'ты', 'draft', '2026-04-11 13:02:21', '2026-04-11 13:02:21'),
	(136, 28, 'он', 'draft', '2026-04-11 13:03:02', '2026-04-11 13:03:02'),
	(137, 29, 'она', 'draft', '2026-04-11 13:03:39', '2026-04-11 13:03:39'),
	(138, 31, 'мы', 'draft', '2026-04-11 13:04:29', '2026-04-11 13:04:29'),
	(139, 32, 'вы', 'draft', '2026-04-11 13:04:56', '2026-04-11 13:04:56'),
	(140, 33, 'они', 'draft', '2026-04-11 13:05:28', '2026-04-11 13:05:28'),
	(141, 34, 'мой', 'draft', '2026-04-11 13:06:36', '2026-04-11 13:06:36'),
	(142, 35, 'твой', 'draft', '2026-04-11 13:07:09', '2026-04-11 13:07:09'),
	(143, 36, 'его', 'draft', '2026-04-11 13:07:39', '2026-04-11 13:07:39'),
	(144, 1411, 'её', 'draft', '2026-04-11 13:09:40', '2026-04-11 13:09:40'),
	(145, 37, 'наш', 'draft', '2026-04-11 13:10:11', '2026-04-11 13:10:11'),
	(146, 38, 'ваш', 'draft', '2026-04-11 13:10:53', '2026-04-11 13:10:53'),
	(147, 39, 'их', 'draft', '2026-04-11 13:11:31', '2026-04-11 13:11:31'),
	(148, 40, 'этот', 'draft', '2026-04-11 13:12:11', '2026-04-11 13:12:11'),
	(149, 41, 'тот', 'draft', '2026-04-11 13:12:47', '2026-04-11 13:12:47'),
	(150, 42, 'сам', 'draft', '2026-04-11 13:23:42', '2026-04-11 13:23:42'),
	(151, 43, 'все', 'draft', '2026-04-11 13:24:17', '2026-04-11 13:24:17');

-- Удаление временной таблицы и создание окончательной структуры представления
DROP TABLE IF EXISTS `word_theme_view`;
CREATE ALGORITHM=UNDEFINED SQL SECURITY DEFINER VIEW `word_theme_view` AS select `w`.`id` AS `word_id`,`w`.`title` AS `word_title`,`t`.`id` AS `theme_id`,`t`.`title` AS `theme_title` from ((`words` `w` join `theme_has_words` `thw` on((`w`.`id` = `thw`.`word_id`))) join `themes` `t` on((`t`.`id` = `thw`.`theme_id`)))
;

/*!40103 SET TIME_ZONE=IFNULL(@OLD_TIME_ZONE, 'system') */;
/*!40101 SET SQL_MODE=IFNULL(@OLD_SQL_MODE, '') */;
/*!40014 SET FOREIGN_KEY_CHECKS=IFNULL(@OLD_FOREIGN_KEY_CHECKS, 1) */;
/*!40101 SET CHARACTER_SET_CLIENT=@OLD_CHARACTER_SET_CLIENT */;
/*!40111 SET SQL_NOTES=IFNULL(@OLD_SQL_NOTES, 1) */;
